INCIDENT_KEY,OCCUR_DATE,OCCUR_TIME,Hour,BORO,STATISTICAL_MURDER_FLAG,Latitude,Longitude,Incidents1,NonMurders1,Murders1,Incidents2,Victims2,Mass2,Victims3,Mass3,MonYr,MonthNum,YearNum,MonYrAxis,firstAppear,Num_Vic,Odd_Even_Vic
10333325,2/4/2006,3:30:00,3 AM,BRONX,FALSE,40.8110197,-73.85587676,1,1,0,1,1,1,1,1,2/1/2006,2,6,38749,1,4,FALSE
11118201,4/20/2006,22:49:00,10 PM,BRONX,FALSE,40.87016769,-73.89097777,1,1,0,1,1,1,1,1,4/1/2006,4,6,38808,1,6,FALSE
11118204,4/21/2006,18:20:00,6 PM,BROOKLYN,TRUE,40.6725737,-73.91017798,1,0,1,1,1,1,1,1,4/1/2006,4,6,38808,1,4,FALSE
11118244,4/30/2006,19:00:00,7 PM,STATEN ISLAND,FALSE,40.62141693,-74.08007761,1,1,0,1,1,1,1,1,4/1/2006,4,6,38808,1,4,FALSE
12835953,5/5/2006,21:00:00,9 PM,BROOKLYN,FALSE,40.64830792,-73.89553721,1,1,0,1,1,1,1,1,5/1/2006,5,6,38838,1,4,FALSE
23354084,7/1/2006,4:30:00,4 AM,BRONX,TRUE,40.8161219,-73.8977578,1,0,1,1,1,1,1,1,7/1/2006,7,6,38899,1,4,FALSE
23549335,7/24/2006,21:43:00,9 PM,BRONX,FALSE,40.87378747,-73.88583232,1,1,0,1,1,1,1,1,7/1/2006,7,6,38899,1,4,FALSE
23749375,8/7/2006,22:06:00,10 PM,BROOKLYN,FALSE,40.69716883,-73.94374542,1,1,0,1,1,1,0,1,8/1/2006,8,6,38930,1,6,FALSE
23957542,8/20/2006,5:16:00,5 AM,BROOKLYN,TRUE,40.67579297,-73.90268057,1,0,1,1,1,1,1,1,8/1/2006,8,6,38930,1,4,FALSE
24129967,9/2/2006,15:45:00,3 PM,BRONX,FALSE,40.84934744,-73.91686928,1,1,0,1,1,1,1,1,9/1/2006,9,6,38961,1,4,FALSE
24157445,9/4/2006,1:30:00,1 AM,BROOKLYN,TRUE,40.6742456,-73.94869873,1,0,1,1,1,1,1,1,9/1/2006,9,6,38961,1,4,FALSE
24449551,9/22/2006,21:18:00,9 PM,BRONX,FALSE,40.88367967,-73.83345068,1,1,0,1,1,1,1,1,9/1/2006,9,6,38961,1,4,FALSE
24717013,10/9/2006,19:41:00,7 PM,STATEN ISLAND,FALSE,40.63898538,-74.17125343,1,1,0,1,1,1,0,1,10/1/2006,10,6,38991,1,6,FALSE
25095840,10/31/2006,21:48:00,9 PM,BRONX,FALSE,40.85837373,-73.8994005,1,1,0,1,1,1,1,1,10/1/2006,10,6,38991,1,8,FALSE
25452379,11/23/2006,22:47:00,10 PM,MANHATTAN,TRUE,40.8399082,-73.93608359,1,0,1,1,1,1,1,1,11/1/2006,11,6,39022,1,4,FALSE
25490114,11/25/2006,4:37:00,4 AM,BROOKLYN,FALSE,40.69773151,-73.93657511,1,1,0,1,1,1,1,1,11/1/2006,11,6,39022,1,4,FALSE
25607887,12/4/2006,19:30:00,7 PM,MANHATTAN,FALSE,40.79853293,-73.96525489,1,1,0,1,1,1,1,1,12/1/2006,12,6,39052,1,4,FALSE
25625020,12/5/2006,17:29:00,5 PM,BRONX,FALSE,40.84316356,-73.90680305,1,1,0,1,1,1,1,1,12/1/2006,12,6,39052,1,6,FALSE
25865878,12/19/2006,10:05:00,10 AM,QUEENS,TRUE,40.59677006,-73.75962324,1,0,1,1,1,1,1,1,12/1/2006,12,6,39052,1,4,FALSE
25911850,12/23/2006,20:30:00,8 PM,QUEENS,FALSE,40.74919198,-73.89859971,1,1,0,1,1,1,1,1,12/1/2006,12,6,39052,1,6,FALSE
25965071,12/26/2006,17:48:00,5 PM,BRONX,TRUE,40.82869542,-73.89863416,1,0,1,1,1,1,1,1,12/1/2006,12,6,39052,1,4,FALSE
26035865,1/1/2007,3:20:00,3 AM,BRONX,FALSE,40.82529288,-73.91753887,1,1,0,1,1,1,1,1,1/1/2007,1,7,39083,1,4,FALSE
27606752,3/23/2007,19:53:00,7 PM,BRONX,FALSE,40.83226709,-73.90009268,1,1,0,1,1,1,1,1,3/1/2007,3,7,39142,1,8,FALSE
28176154,3/29/2007,18:36:00,6 PM,BRONX,FALSE,40.8118521,-73.90225652,1,1,0,1,1,1,1,1,3/1/2007,3,7,39142,1,9,TRUE
28848165,5/4/2007,20:26:00,8 PM,BRONX,FALSE,40.86905819,-73.87963173,1,1,0,1,1,1,1,1,5/1/2007,5,7,39203,1,4,FALSE
29320285,5/30/2007,16:23:00,4 PM,BRONX,FALSE,40.82252487,-73.91674742,1,1,0,1,1,1,1,1,5/1/2007,5,7,39203,1,4,FALSE
32155729,6/9/2007,23:16:00,11 PM,MANHATTAN,FALSE,40.81573205,-73.94542041,1,1,0,1,1,1,1,1,6/1/2007,6,7,39234,1,4,FALSE
32212097,6/12/2007,23:40:00,11 PM,BROOKLYN,FALSE,40.63948385,-73.94544859,1,1,0,1,1,1,1,1,6/1/2007,6,7,39234,1,4,FALSE
32768847,6/27/2007,23:06:00,11 PM,BROOKLYN,FALSE,40.67734415,-73.9074638,1,1,0,1,1,1,1,1,6/1/2007,6,7,39234,1,4,FALSE
33008215,7/9/2007,2:28:00,2 AM,BROOKLYN,TRUE,40.66218327,-73.95370282,1,0,1,1,1,1,1,1,7/1/2007,7,7,39264,1,4,FALSE
33227811,7/21/2007,22:28:00,10 PM,MANHATTAN,FALSE,40.72339313,-73.97625702,1,1,0,1,1,1,1,1,7/1/2007,7,7,39264,1,4,FALSE
33353737,7/25/2007,21:50:00,9 PM,BROOKLYN,FALSE,40.69796352,-73.91808336,1,1,0,1,1,1,1,1,7/1/2007,7,7,39264,1,4,FALSE
33478089,7/30/2007,22:20:00,10 PM,BROOKLYN,FALSE,40.64193954,-73.95840838,1,1,0,1,1,1,0,1,7/1/2007,7,7,39264,1,6,FALSE
33635440,8/7/2007,21:30:00,9 PM,BROOKLYN,FALSE,40.67569846,-73.88781491,1,1,0,1,1,1,1,1,8/1/2007,8,7,39295,1,4,FALSE
33706902,8/11/2007,0:09:00,12 AM,BRONX,FALSE,40.82651002,-73.89946516,1,1,0,1,1,1,1,1,8/1/2007,8,7,39295,1,12,FALSE
34114132,9/1/2007,1:29:00,1 AM,QUEENS,FALSE,40.67381357,-73.7952167,1,1,0,1,1,1,1,1,9/1/2007,9,7,39326,1,4,FALSE
34377233,9/13/2007,13:49:00,1 PM,BROOKLYN,FALSE,40.66885376,-73.86749528,1,1,0,1,1,1,1,1,9/1/2007,9,7,39326,1,4,FALSE
34687232,9/29/2007,3:34:00,3 AM,BRONX,FALSE,40.84356641,-73.87984321,1,1,0,1,1,1,1,1,9/1/2007,9,7,39326,1,6,FALSE
34880353,10/7/2007,1:36:00,1 AM,BRONX,FALSE,40.83391207,-73.90037547,1,1,0,1,1,1,1,1,10/1/2007,10,7,39356,1,4,FALSE
35002051,10/12/2007,3:56:00,3 AM,QUEENS,FALSE,40.72258258,-73.85197172,1,1,0,1,1,1,0,1,10/1/2007,10,7,39356,1,4,FALSE
35176233,10/20/2007,2:56:00,2 AM,BROOKLYN,FALSE,40.69093872,-73.92915667,1,1,0,1,1,1,1,1,10/1/2007,10,7,39356,1,4,FALSE
35768600,11/17/2007,1:08:00,1 AM,BROOKLYN,FALSE,40.67141261,-73.88151014,1,1,0,1,1,1,1,1,11/1/2007,11,7,39387,1,4,FALSE
35803777,11/18/2007,1:00:00,1 AM,BROOKLYN,TRUE,40.67141261,-73.88151014,1,0,1,1,1,1,1,1,11/1/2007,11,7,39387,1,6,FALSE
39560235,3/3/2008,9:07:00,9 AM,BRONX,FALSE,40.85793419,-73.90142761,1,1,0,1,1,1,1,1,3/1/2008,3,8,39508,1,4,FALSE
44390703,3/9/2008,14:30:00,2 PM,QUEENS,FALSE,40.60977721,-73.75061519,1,1,0,1,1,1,1,1,3/1/2008,3,8,39508,1,4,FALSE
45652262,4/13/2008,16:00:00,4 PM,BRONX,FALSE,40.8231013,-73.86969046,1,1,0,1,1,1,0,1,4/1/2008,4,8,39539,1,4,FALSE
45970311,4/26/2008,3:13:00,3 AM,QUEENS,FALSE,40.68441902,-73.78257212,1,1,0,1,1,1,1,1,4/1/2008,4,8,39539,1,6,FALSE
46538078,5/18/2008,2:02:00,2 AM,QUEENS,FALSE,40.60318938,-73.75008296,1,1,0,1,1,1,1,1,5/1/2008,5,8,39569,1,9,TRUE
46538077,5/18/2008,7:00:00,7 AM,QUEENS,FALSE,40.75838482,-73.83361056,1,1,0,1,1,1,1,1,5/1/2008,5,8,39569,1,4,FALSE
46676419,5/24/2008,11:40:00,11 AM,QUEENS,FALSE,40.74749554,-73.88532288,1,1,0,1,1,1,1,1,5/1/2008,5,8,39569,1,5,TRUE
46803515,5/28/2008,15:54:00,3 PM,STATEN ISLAND,TRUE,40.63750285,-74.08423617,1,0,1,1,1,1,1,1,5/1/2008,5,8,39569,1,4,FALSE
47768913,6/25/2008,19:27:00,7 PM,BRONX,FALSE,40.85396027,-73.90012087,1,1,0,1,1,1,1,1,6/1/2008,6,8,39600,1,6,FALSE
47851717,6/28/2008,2:40:00,2 AM,BRONX,FALSE,40.84118337,-73.87989224,1,1,0,1,1,1,1,1,6/1/2008,6,8,39600,1,4,FALSE
48066962,7/8/2008,23:25:00,11 PM,MANHATTAN,FALSE,40.81573205,-73.94542041,1,1,0,1,1,1,1,1,7/1/2008,7,8,39630,1,4,FALSE
48285497,7/13/2008,1:47:00,1 AM,BROOKLYN,FALSE,40.65199958,-73.96323173,1,1,0,1,1,1,1,1,7/1/2008,7,8,39630,1,6,FALSE
49514586,7/29/2008,23:09:00,11 PM,MANHATTAN,FALSE,40.86111571,-73.92608709,1,1,0,1,1,1,1,1,7/1/2008,7,8,39630,1,8,FALSE
49834896,8/4/2008,3:54:00,3 AM,BRONX,FALSE,40.81624332,-73.89335953,1,1,0,1,1,1,0,1,8/1/2008,8,8,39661,1,4,FALSE
50499446,8/23/2008,23:39:00,11 PM,MANHATTAN,FALSE,40.71619591,-73.99749075,1,1,0,1,1,1,1,1,8/1/2008,8,8,39661,1,4,FALSE
51559646,9/21/2008,22:18:00,10 PM,MANHATTAN,TRUE,40.78998179,-73.97056327,1,0,1,1,1,1,1,1,9/1/2008,9,8,39692,1,5,TRUE
51745756,9/27/2008,0:35:00,12 AM,BROOKLYN,FALSE,40.70614478,-73.95149942,1,1,0,1,1,1,1,1,9/1/2008,9,8,39692,1,4,FALSE
51724139,9/28/2008,5:56:00,5 AM,MANHATTAN,TRUE,40.80128285,-73.95585564,1,0,1,1,1,1,1,1,9/1/2008,9,8,39692,1,4,FALSE
51787772,9/30/2008,0:50:00,12 AM,STATEN ISLAND,TRUE,40.58787611,-74.15673335,1,0,1,1,1,1,1,1,9/1/2008,9,8,39692,1,4,FALSE
51893518,10/4/2008,3:21:00,3 AM,QUEENS,FALSE,40.69262051,-73.81663394,1,1,0,1,1,1,1,1,10/1/2008,10,8,39722,1,4,FALSE
52380393,10/20/2008,21:19:00,9 PM,QUEENS,FALSE,40.70576101,-73.91419673,1,1,0,1,1,1,1,1,10/1/2008,10,8,39722,1,8,FALSE
52550582,10/27/2008,13:34:00,1 PM,BROOKLYN,TRUE,40.6861055,-73.97390879,1,0,1,1,1,1,1,1,10/1/2008,10,8,39722,1,4,FALSE
52550583,10/27/2008,22:50:00,10 PM,BROOKLYN,TRUE,40.65163001,-73.95111695,1,0,1,1,1,1,1,1,10/1/2008,10,8,39722,1,4,FALSE
54346522,11/22/2008,23:28:00,11 PM,BRONX,FALSE,40.82299102,-73.89687084,1,1,0,1,1,1,1,1,11/1/2008,11,8,39753,1,4,FALSE
54968482,12/17/2008,17:51:00,5 PM,BRONX,FALSE,40.82848004,-73.88058003,1,1,0,1,1,1,1,1,12/1/2008,12,8,39783,1,4,FALSE
55823067,1/17/2009,1:44:00,1 AM,QUEENS,FALSE,40.70031829,-73.80995949,1,1,0,1,1,1,1,1,1/1/2009,1,9,39814,1,4,FALSE
55780317,1/18/2009,0:04:00,12 AM,BRONX,FALSE,40.87023883,-73.83698049,1,1,0,1,1,1,1,1,1/1/2009,1,9,39814,1,6,FALSE
56662014,2/9/2009,23:22:00,11 PM,STATEN ISLAND,FALSE,40.63292595,-74.15514245,1,1,0,1,1,1,1,1,2/1/2009,2,9,39845,1,5,TRUE
58995645,2/22/2009,1:28:00,1 AM,BRONX,FALSE,40.88393619,-73.86261117,1,1,0,1,1,1,1,1,2/1/2009,2,9,39845,1,4,FALSE
60217265,4/2/2009,10:25:00,10 AM,BRONX,FALSE,40.8841438,-73.85415436,1,1,0,1,1,1,1,1,4/1/2009,4,9,39904,1,4,FALSE
62199687,5/28/2009,15:30:00,3 PM,QUEENS,FALSE,40.7730314,-73.93375114,1,1,0,1,1,1,1,1,5/1/2009,5,9,39934,1,4,FALSE
62267915,5/30/2009,20:50:00,8 PM,BROOKLYN,FALSE,40.68390987,-73.96093789,1,1,0,1,1,1,1,1,5/1/2009,5,9,39934,1,4,FALSE
62275551,5/31/2009,3:15:00,3 AM,BROOKLYN,FALSE,40.64927281,-73.92816461,1,1,0,1,1,1,1,1,5/1/2009,5,9,39934,1,4,FALSE
62727446,6/13/2009,19:40:00,7 PM,MANHATTAN,FALSE,40.85672808,-73.93091002,1,1,0,1,1,1,1,1,6/1/2009,6,9,39965,1,4,FALSE
62968509,6/21/2009,4:41:00,4 AM,BROOKLYN,FALSE,40.63921663,-73.91935601,1,1,0,1,1,1,1,1,6/1/2009,6,9,39965,1,4,FALSE
64086396,7/25/2009,23:50:00,11 PM,STATEN ISLAND,FALSE,40.6412546,-74.08782617,1,1,0,1,1,1,1,1,7/1/2009,7,9,39995,1,6,FALSE
64556899,8/9/2009,22:40:00,10 PM,BROOKLYN,FALSE,40.67460123,-73.93057347,1,1,0,1,1,1,1,1,8/1/2009,8,9,40026,1,4,FALSE
64773334,8/16/2009,0:12:00,12 AM,BROOKLYN,FALSE,40.69575789,-73.94928262,1,1,0,1,1,1,1,1,8/1/2009,8,9,40026,1,4,FALSE
65270101,8/31/2009,0:50:00,12 AM,BROOKLYN,FALSE,40.63900495,-73.95785735,1,1,0,1,1,1,1,1,8/1/2009,8,9,40026,1,4,FALSE
65636446,9/10/2009,17:47:00,5 PM,BROOKLYN,FALSE,40.68141197,-73.9272577,1,1,0,1,1,1,0,1,9/1/2009,9,9,40057,1,4,FALSE
66027258,9/22/2009,15:22:00,3 PM,BRONX,FALSE,40.81351149,-73.91767991,1,1,0,1,1,1,0,1,9/1/2009,9,9,40057,1,6,FALSE
66170350,9/26/2009,1:10:00,1 AM,BROOKLYN,FALSE,40.59801417,-74.00336562,1,1,0,1,1,1,1,1,9/1/2009,9,9,40057,1,4,FALSE
66383287,10/2/2009,15:18:00,3 PM,QUEENS,TRUE,40.69630221,-73.74411897,1,0,1,1,1,1,1,1,10/1/2009,10,9,40087,1,4,FALSE
66957864,10/19/2009,21:12:00,9 PM,BROOKLYN,FALSE,40.66930674,-73.89571092,1,1,0,1,1,1,0,1,10/1/2009,10,9,40087,1,4,FALSE
67895117,11/16/2009,15:45:00,3 PM,BRONX,FALSE,40.82789757,-73.89820515,1,1,0,1,1,1,1,1,11/1/2009,11,9,40118,1,4,FALSE
71311712,2/14/2010,1:19:00,1 AM,QUEENS,FALSE,40.71540113,-73.77071735,1,1,0,1,1,1,1,1,2/1/2010,2,10,40210,1,6,FALSE
71432863,2/21/2010,4:38:00,4 AM,BRONX,TRUE,40.81158945,-73.91894124,1,0,1,1,1,1,1,1,2/1/2010,2,10,40210,1,4,FALSE
71908646,3/25/2010,0:01:00,12 AM,QUEENS,TRUE,40.75566794,-73.94804565,1,0,1,1,1,1,1,1,3/1/2010,3,10,40238,1,4,FALSE
72035712,4/2/2010,21:35:00,9 PM,BROOKLYN,FALSE,40.65969524,-73.90673228,1,1,0,1,1,1,1,1,4/1/2010,4,10,40269,1,4,FALSE
72058235,4/3/2010,4:00:00,4 AM,STATEN ISLAND,FALSE,40.62314067,-74.08284714,1,1,0,1,1,1,1,1,4/1/2010,4,10,40269,1,4,FALSE
72083623,4/5/2010,2:00:00,2 AM,MANHATTAN,FALSE,40.7535327,-73.99453689,1,1,0,1,1,1,1,1,4/1/2010,4,10,40269,1,4,FALSE
72195829,4/12/2010,23:59:00,11 PM,BROOKLYN,TRUE,40.6803462,-73.93003637,1,0,1,1,1,1,1,1,4/1/2010,4,10,40269,1,6,FALSE
72616285,5/9/2010,1:58:00,1 AM,BRONX,FALSE,40.84598359,-73.90746099,1,1,0,1,1,1,0,1,5/1/2010,5,10,40299,1,6,FALSE
72845467,5/23/2010,3:07:00,3 AM,BRONX,TRUE,40.85517354,-73.90434664,1,0,1,1,1,1,1,1,5/1/2010,5,10,40299,1,4,FALSE
73017572,6/2/2010,21:20:00,9 PM,BRONX,FALSE,40.8498778,-73.85821412,1,1,0,1,1,1,1,1,6/1/2010,6,10,40330,1,6,FALSE
73204779,6/13/2010,18:30:00,6 PM,BROOKLYN,TRUE,40.66213356,-73.90105328,1,0,1,1,1,1,1,1,6/1/2010,6,10,40330,1,4,FALSE
74455296,9/3/2010,18:28:00,6 PM,BRONX,FALSE,40.85393879,-73.89243765,1,1,0,1,1,1,1,1,9/1/2010,9,10,40422,1,4,FALSE
75202880,10/23/2010,2:50:00,2 AM,QUEENS,FALSE,40.65761254,-73.74877935,1,1,0,1,1,1,1,1,10/1/2010,10,10,40452,1,6,FALSE
75330409,10/29/2010,0:13:00,12 AM,BRONX,FALSE,40.84678224,-73.89245961,1,1,0,1,1,1,1,1,10/1/2010,10,10,40452,1,4,FALSE
75647143,11/19/2010,21:27:00,9 PM,QUEENS,FALSE,40.68950033,-73.78974503,1,1,0,1,1,1,0,1,11/1/2010,11,10,40483,1,4,FALSE
77050529,1/29/2011,5:15:00,5 AM,BRONX,FALSE,40.82884782,-73.91665934,1,1,0,1,1,1,1,1,1/1/2011,1,11,40544,1,4,FALSE
77376416,2/20/2011,18:57:00,6 PM,BROOKLYN,FALSE,40.6839442,-73.87118829,1,1,0,1,1,1,1,1,2/1/2011,2,11,40575,1,6,FALSE
78253354,4/14/2011,21:30:00,9 PM,BRONX,FALSE,40.81548934,-73.90031476,1,1,0,1,1,1,1,1,4/1/2011,4,11,40634,1,4,FALSE
78676056,5/11/2011,21:31:00,9 PM,BRONX,FALSE,40.827795,-73.89900251,1,1,0,1,1,1,1,1,5/1/2011,5,11,40664,1,4,FALSE
78989592,5/27/2011,22:30:00,10 PM,BRONX,FALSE,40.82785919,-73.87417936,1,1,0,1,1,1,1,1,5/1/2011,5,11,40664,1,6,FALSE
79222699,6/9/2011,17:22:00,5 PM,BROOKLYN,FALSE,40.57508547,-73.9610346,1,1,0,1,1,1,0,1,6/1/2011,6,11,40695,1,4,FALSE
79230548,6/9/2011,20:59:00,8 PM,BRONX,FALSE,40.82981986,-73.86684071,1,1,0,1,1,1,1,1,6/1/2011,6,11,40695,1,4,FALSE
79378503,6/18/2011,3:10:00,3 AM,BROOKLYN,TRUE,40.67042684,-73.8925547,1,0,1,1,1,1,1,1,6/1/2011,6,11,40695,1,6,FALSE
79379294,6/19/2011,0:15:00,12 AM,BROOKLYN,FALSE,40.65861181,-73.95186377,1,1,0,1,1,1,1,1,6/1/2011,6,11,40695,1,6,FALSE
79719093,7/8/2011,17:56:00,5 PM,BROOKLYN,FALSE,40.66914467,-73.91546924,1,1,0,1,1,1,1,1,7/1/2011,7,11,40725,1,4,FALSE
80484245,8/27/2011,0:40:00,12 AM,QUEENS,FALSE,40.68424312,-73.79767795,1,1,0,1,1,1,1,1,8/1/2011,8,11,40756,1,5,TRUE
80510374,8/29/2011,19:45:00,7 PM,BRONX,FALSE,40.84504499,-73.88041747,1,1,0,1,1,1,1,1,8/1/2011,8,11,40756,1,4,FALSE
80584530,9/4/2011,3:33:00,3 AM,BRONX,FALSE,40.88545008,-73.86346289,1,1,0,1,1,1,1,1,9/1/2011,9,11,40787,1,6,FALSE
80624786,9/5/2011,21:04:00,9 PM,BROOKLYN,TRUE,40.67429039,-73.95724337,1,0,1,1,1,1,1,1,9/1/2011,9,11,40787,1,4,FALSE
80605485,9/6/2011,2:20:00,2 AM,QUEENS,FALSE,40.69418924,-73.80253725,1,1,0,1,1,1,1,1,9/1/2011,9,11,40787,1,6,FALSE
80667853,9/9/2011,23:00:00,11 PM,BRONX,FALSE,40.84194339,-73.91424788,1,1,0,1,1,1,1,1,9/1/2011,9,11,40787,1,4,FALSE
80667642,9/10/2011,1:15:00,1 AM,BROOKLYN,FALSE,40.68593572,-73.94007844,1,1,0,1,1,1,1,1,9/1/2011,9,11,40787,1,4,FALSE
80938321,9/28/2011,17:39:00,5 PM,MANHATTAN,FALSE,40.80130288,-73.93610756,1,1,0,1,1,1,1,1,9/1/2011,9,11,40787,1,6,FALSE
80989164,9/30/2011,19:23:00,7 PM,BRONX,FALSE,40.85776982,-73.89460746,1,1,0,1,1,1,1,1,9/1/2011,9,11,40787,1,4,FALSE
81308610,10/21/2011,14:33:00,2 PM,BROOKLYN,TRUE,40.67010465,-73.90796996,1,0,1,1,1,1,1,1,10/1/2011,10,11,40817,1,4,FALSE
82143106,12/12/2011,21:01:00,9 PM,MANHATTAN,TRUE,40.78872009,-73.93999542,1,0,1,1,1,1,1,1,12/1/2011,12,11,40878,1,4,FALSE
82361864,12/27/2011,2:16:00,2 AM,BRONX,FALSE,40.81133703,-73.91703348,1,1,0,1,1,1,1,1,12/1/2011,12,11,40878,1,4,FALSE
82411147,12/31/2011,1:50:00,1 AM,BRONX,TRUE,40.85776982,-73.89460746,1,0,1,1,1,1,1,1,12/1/2011,12,11,40878,1,4,FALSE
82485719,1/5/2012,14:22:00,2 PM,MANHATTAN,FALSE,40.81113131,-73.93671563,1,1,0,1,1,1,1,1,1/1/2012,1,12,40909,1,6,FALSE
82565818,1/10/2012,16:52:00,4 PM,MANHATTAN,FALSE,40.7970891,-73.94275039,1,1,0,1,1,1,1,1,1/1/2012,1,12,40909,1,4,FALSE
83751047,3/19/2012,14:29:00,2 PM,MANHATTAN,FALSE,40.8135746,-73.95132518,1,1,0,1,1,1,1,1,3/1/2012,3,12,40969,1,4,FALSE
84205618,4/14/2012,1:05:00,1 AM,QUEENS,FALSE,40.64554292,-73.74459606,1,1,0,1,1,1,1,1,4/1/2012,4,12,41000,1,4,FALSE
84452449,4/29/2012,4:56:00,4 AM,BROOKLYN,FALSE,40.70428341,-73.94096295,1,1,0,1,1,1,1,1,4/1/2012,4,12,41000,1,4,FALSE
84854142,5/21/2012,19:31:00,7 PM,BROOKLYN,FALSE,40.66821514,-73.93117782,1,1,0,1,1,1,1,1,5/1/2012,5,12,41030,1,4,FALSE
85209345,6/12/2012,2:37:00,2 AM,BRONX,FALSE,40.88605284,-73.86144498,1,1,0,1,1,1,1,1,6/1/2012,6,12,41061,1,4,FALSE
85538929,7/2/2012,2:40:00,2 AM,QUEENS,FALSE,40.59288567,-73.79565279,1,1,0,1,1,1,1,1,7/1/2012,7,12,41091,1,4,FALSE
85875439,7/22/2012,21:35:00,9 PM,BRONX,FALSE,40.82487782,-73.90317908,1,1,0,1,1,1,0,1,7/1/2012,7,12,41091,1,6,FALSE
85980014,7/29/2012,18:55:00,6 PM,BROOKLYN,FALSE,40.67113,-73.91350205,1,1,0,1,1,1,1,1,7/1/2012,7,12,41091,1,12,FALSE
86071518,8/2/2012,18:15:00,6 PM,MANHATTAN,FALSE,40.79772627,-73.94650651,1,1,0,1,1,1,1,1,8/1/2012,8,12,41122,1,4,FALSE
86415277,8/23/2012,21:03:00,9 PM,MANHATTAN,TRUE,40.8022927,-73.94528131,1,0,1,1,1,1,1,1,8/1/2012,8,12,41122,1,4,FALSE
86437258,8/26/2012,1:05:00,1 AM,BRONX,TRUE,40.85795235,-73.86323195,1,0,1,1,1,1,1,1,8/1/2012,8,12,41122,1,6,FALSE
86469571,8/27/2012,23:55:00,11 PM,QUEENS,FALSE,40.69713212,-73.76792916,1,1,0,1,1,1,1,1,8/1/2012,8,12,41122,1,4,FALSE
86870747,9/22/2012,2:40:00,2 AM,QUEENS,FALSE,40.71847752,-73.81448197,1,1,0,1,1,1,1,1,9/1/2012,9,12,41153,1,4,FALSE
88254246,12/23/2012,16:58:00,4 PM,BRONX,FALSE,40.8473681,-73.90418211,1,1,0,1,1,1,0,1,12/1/2012,12,12,41244,1,4,FALSE
88330218,12/29/2012,3:10:00,3 AM,QUEENS,FALSE,40.58989407,-73.80807855,1,1,0,1,1,1,1,1,12/1/2012,12,12,41244,1,4,FALSE
89514645,3/6/2013,4:08:00,4 AM,QUEENS,TRUE,40.65608318,-73.85375485,1,0,1,1,1,1,1,1,3/1/2013,3,13,41334,1,6,FALSE
90128858,4/15/2013,23:12:00,11 PM,BROOKLYN,TRUE,40.67862798,-73.89370735,1,0,1,1,1,1,1,1,4/1/2013,4,13,41365,1,5,TRUE
90215685,4/20/2013,4:09:00,4 AM,MANHATTAN,FALSE,40.8622795,-73.92052621,1,1,0,1,1,1,1,1,4/1/2013,4,13,41365,1,4,FALSE
90905822,5/30/2013,18:14:00,6 PM,BRONX,FALSE,40.82738357,-73.88889883,1,1,0,1,1,1,0,1,5/1/2013,5,13,41395,1,4,FALSE
91177905,6/15/2013,21:39:00,9 PM,STATEN ISLAND,FALSE,40.64257326,-74.08652507,1,1,0,1,1,1,1,1,6/1/2013,6,13,41426,1,4,FALSE
91270515,6/21/2013,18:00:00,6 PM,BRONX,FALSE,40.85665432,-73.84387022,1,1,0,1,1,1,1,1,6/1/2013,6,13,41426,1,4,FALSE
91399595,6/30/2013,0:51:00,12 AM,BROOKLYN,FALSE,40.64550491,-73.92776193,1,1,0,1,1,1,1,1,6/1/2013,6,13,41426,1,4,FALSE
91612689,7/13/2013,2:05:00,2 AM,BROOKLYN,FALSE,40.65950368,-73.94904842,1,1,0,1,1,1,1,1,7/1/2013,7,13,41456,1,4,FALSE
91727927,7/20/2013,14:10:00,2 PM,BROOKLYN,FALSE,40.69737806,-73.91784291,1,1,0,1,1,1,1,1,7/1/2013,7,13,41456,1,4,FALSE
92175189,8/18/2013,5:00:00,5 AM,BRONX,FALSE,40.8793255,-73.87487685,1,1,0,1,1,1,1,1,8/1/2013,8,13,41487,1,4,FALSE
93607539,11/15/2013,16:10:00,4 PM,BRONX,FALSE,40.81278201,-73.9092405,1,1,0,1,1,1,1,1,11/1/2013,11,13,41579,1,4,FALSE
94317619,1/3/2014,16:10:00,4 PM,QUEENS,TRUE,40.67998074,-73.77623391,1,0,1,1,1,1,1,1,1/1/2014,1,14,41640,1,4,FALSE
94424905,1/10/2014,17:25:00,5 PM,BRONX,FALSE,40.85052146,-73.90514945,1,1,0,1,1,1,0,1,1/1/2014,1,14,41640,1,6,FALSE
94738552,1/31/2014,21:14:00,9 PM,BRONX,TRUE,40.82661768,-73.90313952,1,0,1,1,1,1,1,1,1/1/2014,1,14,41640,1,4,FALSE
95013712,2/21/2014,0:45:00,12 AM,BRONX,FALSE,40.8286906,-73.90835519,1,1,0,1,1,1,1,1,2/1/2014,2,14,41671,1,4,FALSE
95504871,3/23/2014,1:40:00,1 AM,QUEENS,FALSE,40.75416374,-73.94465265,1,1,0,1,1,1,1,1,3/1/2014,3,14,41699,1,6,FALSE
137670655,7/11/2014,0:40:00,12 AM,QUEENS,FALSE,40.77196759,-73.93374001,1,1,0,1,1,1,1,1,7/1/2014,7,14,41821,1,4,FALSE
137741234,7/15/2014,2:26:00,2 AM,MANHATTAN,FALSE,40.80213862,-73.93905933,1,1,0,1,1,1,0,1,7/1/2014,7,14,41821,1,4,FALSE
138255637,8/17/2014,5:58:00,5 AM,QUEENS,FALSE,40.68107927,-73.78871969,1,1,0,1,1,1,1,1,8/1/2014,8,14,41852,1,6,FALSE
138997051,10/2/2014,18:40:00,6 PM,MANHATTAN,TRUE,40.85699647,-73.92825093,1,0,1,1,1,1,1,1,10/1/2014,10,14,41913,1,6,FALSE
139136470,10/12/2014,1:10:00,1 AM,BRONX,FALSE,40.84575241,-73.92192393,1,1,0,1,1,1,1,1,10/1/2014,10,14,41913,1,4,FALSE
139814858,11/24/2014,14:57:00,2 PM,QUEENS,TRUE,40.757665,-73.87532624,1,0,1,1,1,1,1,1,11/1/2014,11,14,41944,1,4,FALSE
139909804,12/1/2014,16:24:00,4 PM,BRONX,FALSE,40.85099954,-73.90989999,1,1,0,1,1,1,1,1,12/1/2014,12,14,41974,1,4,FALSE
140088780,12/5/2014,17:55:00,5 PM,QUEENS,FALSE,40.68004774,-73.7759092,1,1,0,1,1,1,0,1,12/1/2014,12,14,41974,1,4,FALSE
140088782,12/6/2014,17:23:00,5 PM,BRONX,TRUE,40.82915508,-73.91598956,1,0,1,1,1,1,1,1,12/1/2014,12,14,41974,1,5,TRUE
140435766,1/5/2015,22:32:00,10 PM,BRONX,FALSE,40.85746736,-73.8967575,1,1,0,1,1,1,1,1,1/1/2015,1,15,42005,1,4,FALSE
140628576,1/20/2015,14:48:00,2 PM,BROOKLYN,FALSE,40.71188962,-73.9414594,1,1,0,1,1,1,1,1,1/1/2015,1,15,42005,1,4,FALSE
141592103,3/23/2015,17:10:00,5 PM,BROOKLYN,FALSE,40.65505609,-73.95630266,1,1,0,1,1,1,1,1,3/1/2015,3,15,42064,1,4,FALSE
142858797,5/12/2015,14:29:00,2 PM,BROOKLYN,FALSE,40.68780802,-73.94335217,1,1,0,1,1,1,1,1,5/1/2015,5,15,42125,1,4,FALSE
142902648,5/14/2015,14:23:00,2 PM,BRONX,FALSE,40.85383719,-73.90898205,1,1,0,1,1,1,1,1,5/1/2015,5,15,42125,1,6,FALSE
144995934,8/2/2015,2:16:00,2 AM,BROOKLYN,FALSE,40.67141261,-73.88151014,1,1,0,1,1,1,1,1,8/1/2015,8,15,42217,1,4,FALSE
146477560,9/26/2015,5:43:00,5 AM,MANHATTAN,TRUE,40.70998316,-73.99644292,1,0,1,1,1,1,1,1,9/1/2015,9,15,42248,1,4,FALSE
146462814,9/26/2015,21:50:00,9 PM,BRONX,FALSE,40.82736774,-73.90240604,1,1,0,1,1,1,1,1,9/1/2015,9,15,42248,1,4,FALSE
147609591,11/7/2015,6:20:00,6 AM,QUEENS,FALSE,40.70676194,-73.73256175,1,1,0,1,1,1,1,1,11/1/2015,11,15,42309,1,4,FALSE
147654906,11/9/2015,6:14:00,6 AM,MANHATTAN,TRUE,40.7528629,-73.99298133,1,0,1,1,1,1,1,1,11/1/2015,11,15,42309,1,4,FALSE
148087884,11/25/2015,20:49:00,8 PM,BRONX,FALSE,40.84231964,-73.88658905,1,1,0,1,1,1,1,1,11/1/2015,11,15,42309,1,4,FALSE
148865203,12/24/2015,22:55:00,10 PM,BRONX,FALSE,40.85804593,-73.90410121,1,1,0,1,1,1,0,1,12/1/2015,12,15,42339,1,4,FALSE
149029624,12/28/2015,17:30:00,5 PM,BROOKLYN,TRUE,40.59516026,-73.93797985,1,0,1,1,1,1,1,1,12/1/2015,12,15,42339,1,4,FALSE
153710640,6/5/2016,14:40:00,2 PM,BROOKLYN,FALSE,40.57680957,-73.98318272,1,1,0,1,1,1,1,1,6/1/2016,6,16,42522,1,4,FALSE
154138077,6/19/2016,0:01:00,12 AM,BRONX,FALSE,40.84740149,-73.90462348,1,1,0,1,1,1,1,1,6/1/2016,6,16,42522,1,4,FALSE
155775753,8/13/2016,2:28:00,2 AM,QUEENS,FALSE,40.69525901,-73.84156313,1,1,0,1,1,1,1,1,8/1/2016,8,16,42583,1,6,FALSE
155890469,8/17/2016,21:55:00,9 PM,BRONX,FALSE,40.8238758,-73.89186206,1,1,0,1,1,1,1,1,8/1/2016,8,16,42583,1,4,FALSE
165378832,5/31/2017,22:01:00,10 PM,BRONX,FALSE,40.859673,-73.90427939,1,1,0,1,1,1,1,1,5/1/2017,5,17,42856,1,4,FALSE
165720216,6/11/2017,0:10:00,12 AM,BROOKLYN,FALSE,40.6860997,-73.93866125,1,1,0,1,1,1,1,1,6/1/2017,6,17,42887,1,4,FALSE
166412374,6/24/2017,3:30:00,3 AM,QUEENS,FALSE,40.7583746,-73.86763349,1,1,0,1,1,1,1,1,6/1/2017,6,17,42887,1,4,FALSE
166660833,6/30/2017,14:54:00,2 PM,BRONX,TRUE,40.84376258,-73.91174606,1,0,1,1,1,1,1,1,6/1/2017,6,17,42887,1,5,TRUE
167835443,8/6/2017,3:40:00,3 AM,BRONX,FALSE,40.82338673,-73.87016977,1,1,0,1,1,1,1,1,8/1/2017,8,17,42948,1,4,FALSE
170517783,10/17/2017,20:09:00,8 PM,BROOKLYN,FALSE,40.65146567,-73.95423619,1,1,0,1,1,1,1,1,10/1/2017,10,17,43009,1,4,FALSE
173354054,1/6/2018,21:05:00,9 PM,BRONX,FALSE,40.89969067,-73.85474762,1,1,0,1,1,1,0,1,1/1/2018,1,18,43101,1,9,TRUE
174146094,1/28/2018,5:10:00,5 AM,QUEENS,TRUE,40.66686508,-73.80424655,1,0,1,1,1,1,1,1,1/1/2018,1,18,43101,1,4,FALSE
178393484,4/19/2018,19:11:00,7 PM,BROOKLYN,FALSE,40.67974271,-73.95139672,1,1,0,1,1,1,1,1,4/1/2018,4,18,43191,1,4,FALSE
188862634,10/16/2018,19:50:00,7 PM,BRONX,FALSE,40.8235055,-73.86407777,1,1,0,1,1,1,1,1,10/1/2018,10,18,43374,1,4,FALSE
190245037,11/21/2018,1:25:00,1 AM,BRONX,TRUE,40.81973903,-73.9266795,1,0,1,1,1,1,1,1,11/1/2018,11,18,43405,1,4,FALSE
190950370,12/8/2018,3:47:00,3 AM,QUEENS,FALSE,40.69914925,-73.820911,1,1,0,1,1,1,1,1,12/1/2018,12,18,43435,1,8,FALSE
197200331,5/14/2019,19:45:00,7 PM,MANHATTAN,FALSE,40.86300382,-73.92425452,1,1,0,1,1,1,1,1,5/1/2019,5,19,43586,1,4,FALSE
197254458,5/15/2019,19:08:00,7 PM,BRONX,FALSE,40.85537769,-73.90472772,1,1,0,1,1,1,1,1,5/1/2019,5,19,43586,1,4,FALSE
199247701,7/3/2019,0:04:00,12 AM,QUEENS,FALSE,40.75544249,-73.94342212,1,1,0,1,1,1,1,1,7/1/2019,7,19,43647,1,6,FALSE
200263247,7/25/2019,2:17:00,2 AM,QUEENS,FALSE,40.69182212,-73.75420689,1,1,0,1,1,1,1,1,7/1/2019,7,19,43647,1,4,FALSE
200331333,7/27/2019,22:53:00,10 PM,BROOKLYN,FALSE,40.65723661,-73.9007578,1,1,0,1,1,1,0,1,7/1/2019,7,19,43647,1,5,TRUE
200725654,8/5/2019,1:52:00,1 AM,BROOKLYN,FALSE,40.67117671,-73.92532966,1,1,0,1,1,1,1,1,8/1/2019,8,19,43678,1,4,FALSE
203676928,10/12/2019,6:55:00,6 AM,BROOKLYN,FALSE,40.67621636,-73.9304215,1,1,0,1,1,1,0,1,10/1/2019,10,19,43739,1,6,FALSE
205748546,11/27/2019,15:54:00,3 PM,BRONX,FALSE,40.81869973,-73.91857062,1,1,0,1,1,1,1,1,11/1/2019,11,19,43770,1,4,FALSE
207824248,1/13/2020,3:51:00,3 AM,QUEENS,TRUE,40.75890238,-73.86119396,1,0,1,1,1,1,1,1,1/1/2020,1,20,43831,1,4,FALSE
208237500,1/20/2020,4:50:00,4 AM,MANHATTAN,TRUE,40.86413664,-73.91918043,1,0,1,1,1,1,1,1,1/1/2020,1,20,43831,1,4,FALSE
210591724,3/5/2020,10:48:00,10 AM,MANHATTAN,FALSE,40.83610627,-73.93838044,1,1,0,1,1,1,1,1,3/1/2020,3,20,43891,1,4,FALSE
211362503,3/21/2020,0:13:00,12 AM,MANHATTAN,FALSE,40.75122181,-73.98044869,1,1,0,1,1,1,1,1,3/1/2020,3,20,43891,1,6,FALSE
212640102,5/2/2020,15:18:00,3 PM,BRONX,TRUE,40.86436799,-73.86543972,1,0,1,1,1,1,1,1,5/1/2020,5,20,43952,1,6,FALSE
213099073,5/14/2020,1:03:00,1 AM,QUEENS,TRUE,40.5873465,-73.81304854,1,0,1,1,1,1,1,1,5/1/2020,5,20,43952,1,4,FALSE
213819785,6/3/2020,16:55:00,4 PM,BRONX,FALSE,40.8161219,-73.8977578,1,1,0,1,1,1,1,1,6/1/2020,6,20,43983,1,4,FALSE
213974312,6/8/2020,22:40:00,10 PM,BROOKLYN,FALSE,40.65844258,-73.9097922,1,1,0,1,1,1,1,1,6/1/2020,6,20,43983,1,4,FALSE
214948383,7/5/2020,3:20:00,3 AM,MANHATTAN,FALSE,40.86291984,-73.92281505,1,1,0,1,1,1,1,1,7/1/2020,7,20,44013,1,5,TRUE
215034244,7/7/2020,21:28:00,9 PM,BROOKLYN,TRUE,40.6675324,-73.86424962,1,0,1,1,1,1,1,1,7/1/2020,7,20,44013,1,6,FALSE
215776333,7/26/2020,18:38:00,6 PM,BROOKLYN,TRUE,40.67824193,-73.89550925,1,0,1,1,1,1,1,1,7/1/2020,7,20,44013,1,6,FALSE
216104440,8/3/2020,20:12:00,8 PM,BRONX,FALSE,40.81035186,-73.92494233,1,1,0,1,1,1,1,1,8/1/2020,8,20,44044,1,4,FALSE
216401363,8/10/2020,15:20:00,3 PM,STATEN ISLAND,FALSE,40.6312272,-74.1652854,1,1,0,1,1,1,1,1,8/1/2020,8,20,44044,1,4,FALSE
216745338,8/18/2020,16:45:00,4 PM,QUEENS,FALSE,40.7594507,-73.93357514,1,1,0,1,1,1,1,1,8/1/2020,8,20,44044,1,4,FALSE
216935791,8/23/2020,23:36:00,11 PM,BROOKLYN,FALSE,40.6407842,-73.95724075,1,1,0,1,1,1,1,1,8/1/2020,8,20,44044,1,4,FALSE
217540562,9/7/2020,2:49:00,2 AM,BROOKLYN,FALSE,40.6662965,-73.95083789,1,1,0,1,1,1,1,1,9/1/2020,9,20,44075,1,4,FALSE
220122287,11/4/2020,23:15:00,11 PM,BRONX,FALSE,40.86370036,-73.9057256,1,1,0,1,1,1,1,1,11/1/2020,11,20,44136,1,4,FALSE
220229020,11/7/2020,14:58:00,2 PM,BROOKLYN,FALSE,40.63795046,-73.89643056,1,1,0,1,1,1,1,1,11/1/2020,11,20,44136,1,4,FALSE
220870735,11/22/2020,23:15:00,11 PM,BROOKLYN,FALSE,40.68033401,-73.93842477,1,1,0,1,1,1,0,1,11/1/2020,11,20,44136,1,4,FALSE
222932692,1/11/2021,23:49:00,11 PM,BRONX,FALSE,40.88708919,-73.86778567,1,1,0,1,1,1,0,1,1/1/2021,1,21,44197,1,4,FALSE
225295736,3/7/2021,6:15:00,6 AM,BROOKLYN,TRUE,40.68225682,-73.86933111,1,0,1,1,1,1,1,1,3/1/2021,3,21,44256,1,4,FALSE
225601140,3/13/2021,3:50:00,3 AM,BROOKLYN,FALSE,40.70211956,-73.93616159,1,1,0,1,1,1,1,1,3/1/2021,3,21,44256,1,5,TRUE
225602529,3/14/2021,5:00:00,5 AM,BRONX,FALSE,40.83784212,-73.91962775,1,1,0,1,1,1,1,1,3/1/2021,3,21,44256,1,4,FALSE
225779049,3/17/2021,22:09:00,10 PM,BRONX,TRUE,40.87778871,-73.8738322,1,0,1,1,1,1,1,1,3/1/2021,3,21,44256,1,4,FALSE
227987578,5/10/2021,23:32:00,11 PM,BROOKLYN,TRUE,40.66520902,-73.87940686,1,0,1,1,1,1,1,1,5/1/2021,5,21,44317,1,4,FALSE
228262995,5/15/2021,21:07:00,9 PM,BRONX,FALSE,40.84144808,-73.90445131,1,1,0,1,1,1,0,1,5/1/2021,5,21,44317,1,4,FALSE
228918111,5/31/2021,19:50:00,7 PM,BROOKLYN,FALSE,40.69362563,-73.90922848,1,1,0,1,1,1,1,1,5/1/2021,5,21,44317,1,8,FALSE
229091710,6/3/2021,23:30:00,11 PM,BROOKLYN,FALSE,40.70223092,-73.94447824,1,1,0,1,1,1,1,1,6/1/2021,6,21,44348,1,4,FALSE
229188686,6/6/2021,2:00:00,2 AM,BRONX,TRUE,40.86141318,-73.89510262,1,0,1,1,1,1,1,1,6/1/2021,6,21,44348,1,4,FALSE
229643172,6/16/2021,23:22:00,11 PM,BRONX,TRUE,40.86414065,-73.89131304,1,0,1,1,1,1,1,1,6/1/2021,6,21,44348,1,4,FALSE
230418793,7/2/2021,23:13:00,11 PM,BRONX,FALSE,40.88584268,-73.85818262,1,1,0,1,1,1,1,1,7/1/2021,7,21,44378,1,4,FALSE
230717903,7/11/2021,1:09:00,1 AM,BROOKLYN,FALSE,40.68114496,-73.95566904,1,1,0,1,1,1,1,1,7/1/2021,7,21,44378,1,4,FALSE
231246225,7/22/2021,6:32:00,6 AM,MANHATTAN,TRUE,40.86475888,-73.92282738,1,0,1,1,1,1,1,1,7/1/2021,7,21,44378,1,5,TRUE
231637053,7/31/2021,22:36:00,10 PM,QUEENS,FALSE,40.75226897,-73.86820845,1,1,0,1,1,1,1,1,7/1/2021,7,21,44378,1,7,TRUE
232390407,8/17/2021,13:00:00,1 PM,BRONX,FALSE,40.81229282,-73.88542618,1,1,0,1,1,1,0,1,8/1/2021,8,21,44409,1,4,FALSE
232496781,8/19/2021,20:32:00,8 PM,BROOKLYN,TRUE,40.67036246,-73.92679774,1,0,1,1,1,1,1,1,8/1/2021,8,21,44409,1,4,FALSE
232733684,8/25/2021,23:16:00,11 PM,MANHATTAN,FALSE,40.80084632,-73.94903008,1,1,0,1,1,1,1,1,8/1/2021,8,21,44409,1,4,FALSE
233080845,9/2/2021,17:42:00,5 PM,BRONX,FALSE,40.82208253,-73.89033033,1,1,0,1,1,1,1,1,9/1/2021,9,21,44440,1,4,FALSE
233149851,9/4/2021,20:18:00,8 PM,MANHATTAN,FALSE,40.81426765,-73.94818529,1,1,0,1,1,1,0,1,9/1/2021,9,21,44440,1,4,FALSE
233172869,9/5/2021,4:20:00,4 AM,BRONX,FALSE,40.90666838,-73.84876479,1,1,0,1,1,1,1,1,9/1/2021,9,21,44440,1,4,FALSE
233307769,9/8/2021,23:48:00,11 PM,BRONX,FALSE,40.86071698,-73.89925032,1,1,0,1,1,1,1,1,9/1/2021,9,21,44440,1,4,FALSE
234101078,9/26/2021,22:31:00,10 PM,BRONX,FALSE,40.83462336,-73.92076636,1,1,0,1,1,1,1,1,9/1/2021,9,21,44440,1,4,FALSE
234268729,9/29/2021,12:50:00,12 PM,BRONX,FALSE,40.85350696,-73.8822031,1,1,0,1,1,1,0,1,9/1/2021,9,21,44440,1,4,FALSE
234756219,10/9/2021,16:24:00,4 PM,MANHATTAN,FALSE,40.8066675,-73.954686,1,1,0,1,1,1,1,1,10/1/2021,10,21,44470,1,6,FALSE
236363733,11/16/2021,22:39:00,10 PM,MANHATTAN,FALSE,40.75164613,-73.98433731,1,1,0,1,1,1,1,1,11/1/2021,11,21,44501,1,6,FALSE
236403182,11/17/2021,17:06:00,5 PM,BRONX,TRUE,40.87137556,-73.86286333,1,0,1,1,1,1,1,1,11/1/2021,11,21,44501,1,4,FALSE
240529312,2/12/2022,22:54:00,10 PM,BRONX,TRUE,40.866279,-73.886199,1,0,1,1,1,1,1,1,2/1/2022,2,22,44593,1,4,FALSE
241326152,2/27/2022,8:19:00,8 AM,MANHATTAN,FALSE,40.815057,-73.935946,1,1,0,1,1,1,0,1,2/1/2022,2,22,44593,1,4,FALSE
241569061,3/3/2022,16:00:00,4 PM,QUEENS,FALSE,40.69629,-73.744088,1,1,0,1,1,1,1,1,3/1/2022,3,22,44621,1,4,FALSE
241640926,3/5/2022,1:52:00,1 AM,STATEN ISLAND,FALSE,40.62318838,-74.14923769,1,1,0,1,1,1,1,1,3/1/2022,3,22,44621,1,4,FALSE
243566417,4/12/2022,8:26:00,8 AM,BROOKLYN,FALSE,40.65815775,-74.00044115,1,1,0,1,1,1,1,1,4/1/2022,4,22,44652,1,7,TRUE
244106023,4/23/2022,19:40:00,7 PM,BRONX,FALSE,40.8445883,-73.90484654,1,1,0,1,1,1,0,1,4/1/2022,4,22,44652,1,4,FALSE
244279285,4/27/2022,16:10:00,4 PM,QUEENS,FALSE,40.737162,-73.78493,1,1,0,1,1,1,1,1,4/1/2022,4,22,44652,1,6,FALSE
244590017,5/4/2022,23:49:00,11 PM,BRONX,FALSE,40.83706523,-73.88682041,1,1,0,1,1,1,1,1,5/1/2022,5,22,44682,1,4,FALSE
244608249,5/5/2022,0:10:00,12 AM,MANHATTAN,TRUE,40.754692,-73.9935,1,0,1,1,1,1,1,1,5/1/2022,5,22,44682,1,6,FALSE
245121729,5/16/2022,0:15:00,12 AM,MANHATTAN,FALSE,40.711331,-73.992223,1,1,0,1,1,1,1,1,5/1/2022,5,22,44682,1,6,FALSE
246109874,6/4/2022,2:10:00,2 AM,MANHATTAN,FALSE,40.809638,-73.942015,1,1,0,1,1,1,1,1,6/1/2022,6,22,44713,1,4,FALSE
246884942,6/20/2022,0:36:00,12 AM,MANHATTAN,FALSE,40.80093037,-73.94109824,1,1,0,1,1,1,0,1,6/1/2022,6,22,44713,1,5,TRUE
247172991,6/25/2022,23:22:00,11 PM,BROOKLYN,FALSE,40.689129,-73.931787,1,1,0,1,1,1,1,1,6/1/2022,6,22,44713,1,4,FALSE
247492011,7/2/2022,21:39:00,9 PM,QUEENS,TRUE,40.699576,-73.82169,1,0,1,1,1,1,1,1,7/1/2022,7,22,44743,1,4,FALSE
248157399,7/17/2022,20:10:00,8 PM,BROOKLYN,FALSE,40.6625545,-73.9089197,1,1,0,1,1,1,1,1,7/1/2022,7,22,44743,1,4,FALSE
248435789,7/23/2022,2:02:00,2 AM,MANHATTAN,FALSE,40.786582,-73.940798,1,1,0,1,1,1,1,1,7/1/2022,7,22,44743,1,4,FALSE
248668760,7/27/2022,4:08:00,4 AM,BRONX,TRUE,40.85403,-73.884044,1,0,1,1,1,1,1,1,7/1/2022,7,22,44743,1,4,FALSE
249207672,8/8/2022,4:20:00,4 AM,MANHATTAN,FALSE,40.777638,-73.982369,1,1,0,1,1,1,1,1,8/1/2022,8,22,44774,1,5,TRUE
250249866,8/27/2022,23:57:00,11 PM,BROOKLYN,FALSE,40.572196,-73.994815,1,1,0,1,1,1,0,1,8/1/2022,8,22,44774,1,4,FALSE
250551052,9/2/2022,20:35:00,8 PM,BROOKLYN,FALSE,40.728417,-73.944962,1,1,0,1,1,1,1,1,9/1/2022,9,22,44805,1,4,FALSE
251103213,9/14/2022,20:38:00,8 PM,BRONX,FALSE,40.894872,-73.882173,1,1,0,1,1,1,1,1,9/1/2022,9,22,44805,1,4,FALSE
251681398,9/27/2022,15:24:00,3 PM,MANHATTAN,FALSE,40.809573,-73.949746,1,1,0,1,1,1,1,1,9/1/2022,9,22,44805,1,4,FALSE
251681399,9/27/2022,18:19:00,6 PM,QUEENS,FALSE,40.686807,-73.853567,1,1,0,1,1,1,1,1,9/1/2022,9,22,44805,1,4,FALSE
254051613,11/12/2022,12:20:00,12 PM,BROOKLYN,FALSE,40.68376577,-73.98699469,1,1,0,1,1,1,1,1,11/1/2022,11,22,44866,1,4,FALSE
254062679,11/12/2022,22:18:00,10 PM,MANHATTAN,TRUE,40.749576,-74.004654,1,0,1,1,1,1,1,1,11/1/2022,11,22,44866,1,4,FALSE
254418307,11/19/2022,18:12:00,6 PM,STATEN ISLAND,FALSE,40.645056,-74.104773,1,1,0,1,1,1,1,1,11/1/2022,11,22,44866,1,4,FALSE
255797920,12/12/2022,12:25:00,12 PM,BRONX,FALSE,40.811507,-73.922606,1,1,0,1,1,1,1,1,12/1/2022,12,22,44896,1,4,FALSE
