INCIDENT_KEY,OCCUR_DATE,OCCUR_TIME,Hour,BORO,STATISTICAL_MURDER_FLAG,Latitude,Longitude,Incidents1,NonMurders1,Murders1,Incidents2,Victims2,Mass2,Victims3,Mass3,MonYr,MonYrAxis,MonthNum,YearNum,firstAppear,Num_Vic,Odd_Even_Vic
10187497,1/19/2006,20:23:00,8 PM,MANHATTAN,FALSE,40.81054097,-73.9392571,1,1,0,1,1,1,0,0,1/1/2006,38718,1,6,1,4,FALSE
10333325,2/4/2006,3:30:00,3 AM,BRONX,FALSE,40.8110197,-73.85587676,1,1,0,1,1,1,1,1,2/1/2006,38749,2,6,1,4,FALSE
10454371,2/17/2006,23:57:00,11 PM,BRONX,TRUE,40.81251902,-73.9028121,1,0,1,1,1,1,1,0,2/1/2006,38749,2,6,1,4,FALSE
10660750,3/9/2006,16:40:00,4 PM,BROOKLYN,FALSE,40.68746394,-73.95285752,1,1,0,1,1,1,0,0,3/1/2006,38777,3,6,1,4,FALSE
10804586,3/25/2006,5:26:00,5 AM,BROOKLYN,FALSE,40.65158333,-73.96130098,1,1,0,1,1,1,0,0,3/1/2006,38777,3,6,1,4,FALSE
10879213,4/1/2006,13:15:00,1 PM,BROOKLYN,FALSE,40.6666543,-73.8820825,1,1,0,1,1,1,0,0,4/1/2006,38808,4,6,1,4,FALSE
10879222,4/2/2006,6:15:00,6 AM,BRONX,FALSE,40.86383869,-73.83369176,1,1,0,1,1,1,0,0,4/1/2006,38808,4,6,1,4,FALSE
11118201,4/20/2006,22:49:00,10 PM,BRONX,FALSE,40.87016769,-73.89097777,1,1,0,1,1,1,1,1,4/1/2006,38808,4,6,1,6,FALSE
11118204,4/21/2006,18:20:00,6 PM,BROOKLYN,TRUE,40.6725737,-73.91017798,1,0,1,1,1,1,1,1,4/1/2006,38808,4,6,1,8,FALSE
11118232,4/26/2006,18:26:00,6 PM,QUEENS,TRUE,40.72020175,-73.74239028,1,0,1,1,1,1,1,0,4/1/2006,38808,4,6,1,4,FALSE
11118244,4/30/2006,19:00:00,7 PM,STATEN ISLAND,FALSE,40.62141693,-74.08007761,1,1,0,1,1,1,1,1,4/1/2006,38808,4,6,1,4,FALSE
12835953,5/5/2006,21:00:00,9 PM,BROOKLYN,FALSE,40.64830792,-73.89553721,1,1,0,1,1,1,1,1,5/1/2006,38838,5,6,1,4,FALSE
12835945,5/7/2006,11:34:00,11 AM,BROOKLYN,TRUE,40.66805904,-73.89874761,1,0,1,1,1,1,1,0,5/1/2006,38838,5,6,1,6,FALSE
16631460,5/23/2006,23:03:00,11 PM,MANHATTAN,FALSE,40.74772704,-74.00631929,1,1,0,1,1,1,0,0,5/1/2006,38838,5,6,1,6,FALSE
16814010,6/12/2006,20:45:00,8 PM,BRONX,TRUE,40.86526312,-73.89641662,1,0,1,1,1,1,1,0,6/1/2006,38869,6,6,1,6,FALSE
16814011,6/13/2006,20:56:00,8 PM,BROOKLYN,TRUE,40.64193954,-73.95840838,1,0,1,1,1,1,1,0,6/1/2006,38869,6,6,1,4,FALSE
16814031,6/18/2006,3:43:00,3 AM,MANHATTAN,FALSE,40.82867409,-73.94399062,1,1,0,1,1,1,0,0,6/1/2006,38869,6,6,1,4,FALSE
23354062,6/28/2006,22:56:00,10 PM,MANHATTAN,FALSE,40.81593041,-73.94516645,1,1,0,1,1,1,0,0,6/1/2006,38869,6,6,1,6,FALSE
23354084,7/1/2006,4:30:00,4 AM,BRONX,TRUE,40.8161219,-73.8977578,1,0,1,1,1,1,1,1,7/1/2006,38899,7,6,1,8,FALSE
23354118,7/9/2006,4:30:00,4 AM,QUEENS,FALSE,40.7034422,-73.74049979,1,1,0,1,1,1,0,0,7/1/2006,38899,7,6,1,4,FALSE
23501817,7/22/2006,1:00:00,1 AM,QUEENS,TRUE,40.68633488,-73.8347551,1,0,1,1,1,1,1,0,7/1/2006,38899,7,6,1,4,FALSE
23512406,7/22/2006,21:45:00,9 PM,BROOKLYN,TRUE,40.68430753,-73.92163273,1,0,1,1,1,1,1,0,7/1/2006,38899,7,6,1,4,FALSE
23525523,7/24/2006,3:24:00,3 AM,BRONX,FALSE,40.81701011,-73.8942326,1,1,0,1,1,1,0,0,7/1/2006,38899,7,6,1,4,FALSE
23549335,7/24/2006,21:43:00,9 PM,BRONX,FALSE,40.87378747,-73.88583232,1,1,0,1,1,1,1,1,7/1/2006,38899,7,6,1,4,FALSE
23613987,7/30/2006,1:10:00,1 AM,BROOKLYN,TRUE,40.68506328,-73.96068932,1,0,1,1,1,1,1,0,7/1/2006,38899,7,6,1,4,FALSE
23650227,7/30/2006,3:40:00,3 AM,BRONX,FALSE,40.83100515,-73.9281098,1,1,0,1,1,1,0,0,7/1/2006,38899,7,6,1,6,FALSE
23678693,8/1/2006,21:59:00,9 PM,BRONX,TRUE,40.84356641,-73.87984321,1,0,1,1,1,1,1,0,8/1/2006,38930,8,6,1,4,FALSE
23749375,8/7/2006,22:06:00,10 PM,BROOKLYN,FALSE,40.69716883,-73.94374542,1,1,0,1,1,1,0,1,8/1/2006,38930,8,6,1,12,FALSE
23822595,8/11/2006,20:30:00,8 PM,BRONX,FALSE,40.84790138,-73.89603997,1,1,0,1,1,1,0,0,8/1/2006,38930,8,6,1,4,FALSE
23846685,8/13/2006,4:15:00,4 AM,BRONX,FALSE,40.84872446,-73.90764806,1,1,0,1,1,1,0,0,8/1/2006,38930,8,6,1,4,FALSE
23945312,8/19/2006,18:43:00,6 PM,BRONX,FALSE,40.82266006,-73.9115209,1,1,0,1,1,1,0,0,8/1/2006,38930,8,6,1,4,FALSE
23957542,8/20/2006,5:16:00,5 AM,BROOKLYN,TRUE,40.67579297,-73.90268057,1,0,1,1,1,1,1,1,8/1/2006,38930,8,6,1,8,FALSE
24050482,8/27/2006,5:35:00,5 AM,BRONX,TRUE,40.86905819,-73.87963173,1,0,1,1,1,1,1,0,8/1/2006,38930,8,6,1,4,FALSE
24129967,9/2/2006,15:45:00,3 PM,BRONX,FALSE,40.84934744,-73.91686928,1,1,0,1,1,1,1,1,9/1/2006,38961,9,6,1,4,FALSE
24157445,9/4/2006,1:30:00,1 AM,BROOKLYN,TRUE,40.6742456,-73.94869873,1,0,1,1,1,1,1,1,9/1/2006,38961,9,6,1,8,FALSE
24157454,9/4/2006,11:05:00,11 AM,BRONX,FALSE,40.89044322,-73.84807902,1,1,0,1,1,1,0,0,9/1/2006,38961,9,6,1,6,FALSE
24360989,9/17/2006,23:35:00,11 PM,BROOKLYN,FALSE,40.67650732,-73.94292036,1,1,0,1,1,1,0,0,9/1/2006,38961,9,6,1,4,FALSE
24449551,9/22/2006,21:18:00,9 PM,BRONX,FALSE,40.88367967,-73.83345068,1,1,0,1,1,1,1,1,9/1/2006,38961,9,6,1,4,FALSE
24643627,10/4/2006,21:30:00,9 PM,BRONX,FALSE,40.84413922,-73.90038794,1,1,0,1,1,1,0,0,10/1/2006,38991,10,6,1,4,FALSE
24717013,10/9/2006,19:41:00,7 PM,STATEN ISLAND,FALSE,40.63898538,-74.17125343,1,1,0,1,1,1,0,1,10/1/2006,38991,10,6,1,12,FALSE
24888640,10/19/2006,18:34:00,6 PM,BRONX,FALSE,40.83828946,-73.92431383,1,1,0,1,1,1,0,0,10/1/2006,38991,10,6,1,4,FALSE
25095840,10/31/2006,21:48:00,9 PM,BRONX,FALSE,40.85837373,-73.8994005,1,1,0,1,1,1,1,1,10/1/2006,38991,10,6,1,8,FALSE
25257130,11/11/2006,19:28:00,7 PM,BRONX,TRUE,40.8770418,-73.84636964,1,0,1,1,1,1,1,0,11/1/2006,39022,11,6,1,4,FALSE
25313899,11/15/2006,15:56:00,3 PM,BROOKLYN,TRUE,40.6456472,-73.90287566,1,0,1,1,1,1,1,0,11/1/2006,39022,11,6,1,4,FALSE
25313903,11/15/2006,19:17:00,7 PM,MANHATTAN,FALSE,40.79898645,-73.94461742,1,1,0,1,1,1,0,0,11/1/2006,39022,11,6,1,6,FALSE
25384536,11/18/2006,2:20:00,2 AM,MANHATTAN,TRUE,40.82885105,-73.94383419,1,0,1,1,1,1,1,0,11/1/2006,39022,11,6,1,4,FALSE
25424628,11/22/2006,19:26:00,7 PM,BROOKLYN,TRUE,40.65104384,-73.9452398,1,0,1,1,1,1,1,0,11/1/2006,39022,11,6,1,4,FALSE
25452379,11/23/2006,22:47:00,10 PM,MANHATTAN,TRUE,40.8399082,-73.93608359,1,0,1,1,1,1,1,1,11/1/2006,39022,11,6,1,8,FALSE
27538787,11/25/2006,4:14:00,4 AM,QUEENS,TRUE,40.70704748,-73.7926119,1,0,1,1,1,1,1,0,11/1/2006,39022,11,6,1,4,FALSE
25490114,11/25/2006,4:37:00,4 AM,BROOKLYN,FALSE,40.69773151,-73.93657511,1,1,0,1,1,1,1,1,11/1/2006,39022,11,6,1,4,FALSE
25607887,12/4/2006,19:30:00,7 PM,MANHATTAN,FALSE,40.79853293,-73.96525489,1,1,0,1,1,1,1,1,12/1/2006,39052,12,6,1,4,FALSE
25625019,12/5/2006,9:13:00,9 AM,BRONX,TRUE,40.82338673,-73.87016977,1,0,1,1,1,1,1,0,12/1/2006,39052,12,6,1,4,FALSE
25625020,12/5/2006,17:29:00,5 PM,BRONX,FALSE,40.84316356,-73.90680305,1,1,0,1,1,1,1,1,12/1/2006,39052,12,6,1,6,FALSE
25713833,12/10/2006,23:58:00,11 PM,BROOKLYN,FALSE,40.67141261,-73.88151014,1,1,0,1,1,1,0,0,12/1/2006,39052,12,6,1,4,FALSE
25865878,12/19/2006,10:05:00,10 AM,QUEENS,TRUE,40.59677006,-73.75962324,1,0,1,1,1,1,1,1,12/1/2006,39052,12,6,1,4,FALSE
25911850,12/23/2006,20:30:00,8 PM,QUEENS,FALSE,40.74919198,-73.89859971,1,1,0,1,1,1,1,1,12/1/2006,39052,12,6,1,6,FALSE
25965071,12/26/2006,17:48:00,5 PM,BRONX,TRUE,40.82869542,-73.89863416,1,0,1,1,1,1,1,1,12/1/2006,39052,12,6,1,8,FALSE
26035865,1/1/2007,3:20:00,3 AM,BRONX,FALSE,40.82529288,-73.91753887,1,1,0,1,1,1,1,1,1/1/2007,39083,1,7,1,4,FALSE
27105896,2/27/2007,1:57:00,1 AM,BROOKLYN,FALSE,40.70614478,-73.95149942,1,1,0,1,1,1,0,0,2/1/2007,39114,2,7,1,4,FALSE
27476265,3/17/2007,19:34:00,7 PM,MANHATTAN,TRUE,40.8399874,-73.93566925,1,0,1,1,1,1,1,0,3/1/2007,39142,3,7,1,4,FALSE
27558086,3/22/2007,22:30:00,10 PM,BRONX,TRUE,40.82256992,-73.91130717,1,0,1,1,1,1,1,0,3/1/2007,39142,3,7,1,4,FALSE
27606752,3/23/2007,19:53:00,7 PM,BRONX,FALSE,40.83226709,-73.90009268,1,1,0,1,1,1,1,1,3/1/2007,39142,3,7,1,8,FALSE
28176154,3/29/2007,18:36:00,6 PM,BRONX,FALSE,40.8118521,-73.90225652,1,1,0,1,1,1,1,1,3/1/2007,39142,3,7,1,9,TRUE
28349211,4/7/2007,1:58:00,1 AM,BRONX,TRUE,40.84481683,-73.90891985,1,0,1,1,1,1,1,0,4/1/2007,39173,4,7,1,4,FALSE
28635705,4/23/2007,12:19:00,12 PM,BROOKLYN,TRUE,40.68887215,-73.94452903,1,0,1,1,1,1,1,0,4/1/2007,39173,4,7,1,4,FALSE
28848165,5/4/2007,20:26:00,8 PM,BRONX,FALSE,40.86905819,-73.87963173,1,1,0,1,1,1,1,1,5/1/2007,39203,5,7,1,4,FALSE
29301881,5/29/2007,14:31:00,2 PM,BROOKLYN,FALSE,40.67036569,-73.91284539,1,1,0,1,1,1,0,0,5/1/2007,39203,5,7,1,4,FALSE
29320285,5/30/2007,16:23:00,4 PM,BRONX,FALSE,40.82252487,-73.91674742,1,1,0,1,1,1,1,1,5/1/2007,39203,5,7,1,4,FALSE
32155729,6/9/2007,23:16:00,11 PM,MANHATTAN,FALSE,40.81573205,-73.94542041,1,1,0,1,1,1,1,1,6/1/2007,39234,6,7,1,4,FALSE
32212097,6/12/2007,23:40:00,11 PM,BROOKLYN,FALSE,40.63948385,-73.94544859,1,1,0,1,1,1,1,1,6/1/2007,39234,6,7,1,4,FALSE
32723803,6/23/2007,0:25:00,12 AM,MANHATTAN,FALSE,40.78926022,-73.94771,1,1,0,1,1,1,0,0,6/1/2007,39234,6,7,1,6,FALSE
32768847,6/27/2007,23:06:00,11 PM,BROOKLYN,FALSE,40.67734415,-73.9074638,1,1,0,1,1,1,1,1,6/1/2007,39234,6,7,1,4,FALSE
32807473,6/28/2007,16:17:00,4 PM,BRONX,FALSE,40.81039602,-73.92531074,1,1,0,1,1,1,0,0,6/1/2007,39234,6,7,1,4,FALSE
33008215,7/9/2007,2:28:00,2 AM,BROOKLYN,TRUE,40.66218327,-73.95370282,1,0,1,1,1,1,1,1,7/1/2007,39264,7,7,1,8,FALSE
33047080,7/11/2007,23:28:00,11 PM,BROOKLYN,FALSE,40.65377759,-73.91972426,1,1,0,1,1,1,0,0,7/1/2007,39264,7,7,1,4,FALSE
33161115,7/18/2007,20:55:00,8 PM,BROOKLYN,FALSE,40.68639621,-73.94909728,1,1,0,1,1,1,0,0,7/1/2007,39264,7,7,1,6,FALSE
33227811,7/21/2007,22:28:00,10 PM,MANHATTAN,FALSE,40.72339313,-73.97625702,1,1,0,1,1,1,1,1,7/1/2007,39264,7,7,1,4,FALSE
33244456,7/22/2007,5:14:00,5 AM,BROOKLYN,FALSE,40.67036569,-73.91284539,1,1,0,1,1,1,0,0,7/1/2007,39264,7,7,1,4,FALSE
33353737,7/25/2007,21:50:00,9 PM,BROOKLYN,FALSE,40.69796352,-73.91808336,1,1,0,1,1,1,1,1,7/1/2007,39264,7,7,1,4,FALSE
33478089,7/30/2007,22:20:00,10 PM,BROOKLYN,FALSE,40.64193954,-73.95840838,1,1,0,1,1,1,0,1,7/1/2007,39264,7,7,1,12,FALSE
33635440,8/7/2007,21:30:00,9 PM,BROOKLYN,FALSE,40.67569846,-73.88781491,1,1,0,1,1,1,1,1,8/1/2007,39295,8,7,1,4,FALSE
33706902,8/11/2007,0:09:00,12 AM,BRONX,FALSE,40.82651002,-73.89946516,1,1,0,1,1,1,1,1,8/1/2007,39295,8,7,1,12,FALSE
33691636,8/11/2007,19:38:00,7 PM,STATEN ISLAND,TRUE,40.63719537,-74.14387861,1,0,1,1,1,1,1,0,8/1/2007,39295,8,7,1,4,FALSE
33860386,8/19/2007,5:11:00,5 AM,BRONX,FALSE,40.81039602,-73.92531074,1,1,0,1,1,1,0,0,8/1/2007,39295,8,7,1,4,FALSE
34078656,8/30/2007,7:52:00,7 AM,BRONX,FALSE,40.86209772,-73.82481593,1,1,0,1,1,1,0,0,8/1/2007,39295,8,7,1,4,FALSE
34114132,9/1/2007,1:29:00,1 AM,QUEENS,FALSE,40.67381357,-73.7952167,1,1,0,1,1,1,1,1,9/1/2007,39326,9,7,1,4,FALSE
34114133,9/1/2007,23:26:00,11 PM,BROOKLYN,TRUE,40.67036569,-73.91284539,1,0,1,1,1,1,1,0,9/1/2007,39326,9,7,1,4,FALSE
34377233,9/13/2007,13:49:00,1 PM,BROOKLYN,FALSE,40.66885376,-73.86749528,1,1,0,1,1,1,1,1,9/1/2007,39326,9,7,1,4,FALSE
34396682,9/14/2007,2:24:00,2 AM,BROOKLYN,TRUE,40.67460123,-73.93057347,1,0,1,1,1,1,1,0,9/1/2007,39326,9,7,1,4,FALSE
34687232,9/29/2007,3:34:00,3 AM,BRONX,FALSE,40.84356641,-73.87984321,1,1,0,1,1,1,1,1,9/1/2007,39326,9,7,1,6,FALSE
34864266,10/6/2007,5:30:00,5 AM,BROOKLYN,TRUE,40.68369966,-74.0005051,1,0,1,1,1,1,1,0,10/1/2007,39356,10,7,1,4,FALSE
34864268,10/6/2007,15:39:00,3 PM,BROOKLYN,FALSE,40.67036569,-73.91284539,1,1,0,1,1,1,0,0,10/1/2007,39356,10,7,1,4,FALSE
34880353,10/7/2007,1:36:00,1 AM,BRONX,FALSE,40.83391207,-73.90037547,1,1,0,1,1,1,1,1,10/1/2007,39356,10,7,1,4,FALSE
35002051,10/12/2007,3:56:00,3 AM,QUEENS,FALSE,40.72258258,-73.85197172,1,1,0,1,1,1,0,1,10/1/2007,39356,10,7,1,8,FALSE
35176233,10/20/2007,2:56:00,2 AM,BROOKLYN,FALSE,40.69093872,-73.92915667,1,1,0,1,1,1,1,1,10/1/2007,39356,10,7,1,4,FALSE
35192356,10/21/2007,2:37:00,2 AM,QUEENS,FALSE,40.76270697,-73.82641705,1,1,0,1,1,1,0,0,10/1/2007,39356,10,7,1,4,FALSE
35306477,10/25/2007,23:50:00,11 PM,BRONX,TRUE,40.83973923,-73.91317916,1,0,1,1,1,1,1,0,10/1/2007,39356,10,7,1,6,FALSE
35339141,10/28/2007,18:26:00,6 PM,BROOKLYN,TRUE,40.67065507,-73.91339092,1,0,1,1,1,1,1,0,10/1/2007,39356,10,7,1,4,FALSE
35446117,11/1/2007,3:18:00,3 AM,BROOKLYN,TRUE,40.68927344,-73.94364075,1,0,1,1,1,1,1,0,11/1/2007,39387,11,7,1,4,FALSE
35768600,11/17/2007,1:08:00,1 AM,BROOKLYN,FALSE,40.67141261,-73.88151014,1,1,0,1,1,1,1,1,11/1/2007,39387,11,7,1,4,FALSE
35803777,11/18/2007,1:00:00,1 AM,BROOKLYN,TRUE,40.67141261,-73.88151014,1,0,1,1,1,1,1,1,11/1/2007,39387,11,7,1,12,FALSE
36091664,12/2/2007,3:05:00,3 AM,MANHATTAN,TRUE,40.80844526,-73.95987841,1,0,1,1,1,1,1,0,12/1/2007,39417,12,7,1,4,FALSE
36379179,12/17/2007,2:04:00,2 AM,QUEENS,FALSE,40.74499953,-73.87012878,1,1,0,1,1,1,0,0,12/1/2007,39417,12,7,1,4,FALSE
37231974,12/21/2007,2:21:00,2 AM,BRONX,TRUE,40.82208386,-73.89032897,1,0,1,1,1,1,1,0,12/1/2007,39417,12,7,1,6,FALSE
37231988,12/23/2007,0:13:00,12 AM,MANHATTAN,FALSE,40.78926022,-73.94771,1,1,0,1,1,1,0,0,12/1/2007,39417,12,7,1,4,FALSE
37231961,12/24/2007,1:04:00,1 AM,BRONX,FALSE,40.8484468,-73.92390535,1,1,0,1,1,1,0,0,12/1/2007,39417,12,7,1,4,FALSE
39378595,2/22/2008,22:00:00,10 PM,BROOKLYN,FALSE,40.65099393,-74.00420055,1,1,0,1,1,1,0,0,2/1/2008,39479,2,8,1,4,FALSE
39378654,2/24/2008,1:49:00,1 AM,BRONX,TRUE,40.86905819,-73.87963173,1,0,1,1,1,1,1,0,2/1/2008,39479,2,8,1,4,FALSE
39560235,3/3/2008,9:07:00,9 AM,BRONX,FALSE,40.85793419,-73.90142761,1,1,0,1,1,1,1,1,3/1/2008,39508,3,8,1,4,FALSE
44390703,3/9/2008,14:30:00,2 PM,QUEENS,FALSE,40.60977721,-73.75061519,1,1,0,1,1,1,1,1,3/1/2008,39508,3,8,1,4,FALSE
44515781,3/14/2008,15:00:00,3 PM,BROOKLYN,FALSE,40.67065507,-73.91339092,1,1,0,1,1,1,0,0,3/1/2008,39508,3,8,1,4,FALSE
44688049,3/21/2008,0:11:00,12 AM,BROOKLYN,TRUE,40.65669347,-73.9606709,1,0,1,1,1,1,1,0,3/1/2008,39508,3,8,1,4,FALSE
44751683,3/24/2008,0:20:00,12 AM,BRONX,TRUE,40.88175457,-73.88235534,1,0,1,1,1,1,1,0,3/1/2008,39508,3,8,1,4,FALSE
45652262,4/13/2008,16:00:00,4 PM,BRONX,FALSE,40.8231013,-73.86969046,1,1,0,1,1,1,0,1,4/1/2008,39539,4,8,1,8,FALSE
45710115,4/15/2008,6:03:00,6 AM,MANHATTAN,FALSE,40.81659705,-73.95392439,1,1,0,1,1,1,0,0,4/1/2008,39539,4,8,1,4,FALSE
45970311,4/26/2008,3:13:00,3 AM,QUEENS,FALSE,40.68441902,-73.78257212,1,1,0,1,1,1,1,1,4/1/2008,39539,4,8,1,6,FALSE
45987373,4/27/2008,0:40:00,12 AM,BRONX,FALSE,40.8873335,-73.8472482,1,1,0,1,1,1,0,0,4/1/2008,39539,4,8,1,4,FALSE
46538078,5/18/2008,2:02:00,2 AM,QUEENS,FALSE,40.60318938,-73.75008296,1,1,0,1,1,1,1,1,5/1/2008,39569,5,8,1,9,TRUE
46538077,5/18/2008,7:00:00,7 AM,QUEENS,FALSE,40.75838482,-73.83361056,1,1,0,1,1,1,1,1,5/1/2008,39569,5,8,1,4,FALSE
46715550,5/24/2008,0:50:00,12 AM,BRONX,FALSE,40.83732351,-73.91983076,1,1,0,1,1,1,0,0,5/1/2008,39569,5,8,1,4,FALSE
46676419,5/24/2008,11:40:00,11 AM,QUEENS,FALSE,40.74749554,-73.88532288,1,1,0,1,1,1,1,1,5/1/2008,39569,5,8,1,5,TRUE
46715565,5/24/2008,23:35:00,11 PM,BROOKLYN,TRUE,40.69785354,-73.94387805,1,0,1,1,1,1,1,0,5/1/2008,39569,5,8,1,4,FALSE
46803515,5/28/2008,15:54:00,3 PM,STATEN ISLAND,TRUE,40.63750285,-74.08423617,1,0,1,1,1,1,1,1,5/1/2008,39569,5,8,1,8,FALSE
47044337,6/7/2008,1:40:00,1 AM,BROOKLYN,TRUE,40.57430168,-73.99407301,1,0,1,1,1,1,1,0,6/1/2008,39600,6,8,1,4,FALSE
47768913,6/25/2008,19:27:00,7 PM,BRONX,FALSE,40.85396027,-73.90012087,1,1,0,1,1,1,1,1,6/1/2008,39600,6,8,1,6,FALSE
47851717,6/28/2008,2:40:00,2 AM,BRONX,FALSE,40.84118337,-73.87989224,1,1,0,1,1,1,1,1,6/1/2008,39600,6,8,1,4,FALSE
48006260,7/5/2008,0:53:00,12 AM,BROOKLYN,FALSE,40.65140934,-73.94672675,1,1,0,1,1,1,0,0,7/1/2008,39630,7,8,1,4,FALSE
48006244,7/6/2008,1:04:00,1 AM,BROOKLYN,FALSE,40.6890962,-73.92561654,1,1,0,1,1,1,0,0,7/1/2008,39630,7,8,1,6,FALSE
48066962,7/8/2008,23:25:00,11 PM,MANHATTAN,FALSE,40.81573205,-73.94542041,1,1,0,1,1,1,1,1,7/1/2008,39630,7,8,1,4,FALSE
48285497,7/13/2008,1:47:00,1 AM,BROOKLYN,FALSE,40.65199958,-73.96323173,1,1,0,1,1,1,1,1,7/1/2008,39630,7,8,1,6,FALSE
48285498,7/13/2008,2:07:00,2 AM,BROOKLYN,TRUE,40.65983721,-73.91114035,1,0,1,1,1,1,1,0,7/1/2008,39630,7,8,1,4,FALSE
48395050,7/17/2008,0:50:00,12 AM,BROOKLYN,TRUE,40.65207969,-73.94292887,1,0,1,1,1,1,1,0,7/1/2008,39630,7,8,1,4,FALSE
49236358,7/25/2008,22:29:00,10 PM,BROOKLYN,TRUE,40.59712087,-73.94125102,1,0,1,1,1,1,1,0,7/1/2008,39630,7,8,1,4,FALSE
49514586,7/29/2008,23:09:00,11 PM,MANHATTAN,FALSE,40.86111571,-73.92608709,1,1,0,1,1,1,1,1,7/1/2008,39630,7,8,1,8,FALSE
49834896,8/4/2008,3:54:00,3 AM,BRONX,FALSE,40.81624332,-73.89335953,1,1,0,1,1,1,0,1,8/1/2008,39661,8,8,1,8,FALSE
50018407,8/12/2008,23:32:00,11 PM,BRONX,FALSE,40.82266006,-73.9115209,1,1,0,1,1,1,0,0,8/1/2008,39661,8,8,1,4,FALSE
50433505,8/20/2008,22:24:00,10 PM,BROOKLYN,TRUE,40.68566432,-73.94895181,1,0,1,1,1,1,1,0,8/1/2008,39661,8,8,1,4,FALSE
50499446,8/23/2008,23:39:00,11 PM,MANHATTAN,FALSE,40.71619591,-73.99749075,1,1,0,1,1,1,1,1,8/1/2008,39661,8,8,1,4,FALSE
50718297,9/1/2008,19:54:00,7 PM,BROOKLYN,FALSE,40.68887215,-73.94452903,1,1,0,1,1,1,0,0,9/1/2008,39692,9,8,1,4,FALSE
50821748,9/5/2008,19:28:00,7 PM,MANHATTAN,FALSE,40.82097429,-73.93956665,1,1,0,1,1,1,0,0,9/1/2008,39692,9,8,1,4,FALSE
51559646,9/21/2008,22:18:00,10 PM,MANHATTAN,TRUE,40.78998179,-73.97056327,1,0,1,1,1,1,1,1,9/1/2008,39692,9,8,1,5,TRUE
51745756,9/27/2008,0:35:00,12 AM,BROOKLYN,FALSE,40.70614478,-73.95149942,1,1,0,1,1,1,1,1,9/1/2008,39692,9,8,1,4,FALSE
51724139,9/28/2008,5:56:00,5 AM,MANHATTAN,TRUE,40.80128285,-73.95585564,1,0,1,1,1,1,1,1,9/1/2008,39692,9,8,1,4,FALSE
51787772,9/30/2008,0:50:00,12 AM,STATEN ISLAND,TRUE,40.58787611,-74.15673335,1,0,1,1,1,1,1,1,9/1/2008,39692,9,8,1,4,FALSE
51893518,10/4/2008,3:21:00,3 AM,QUEENS,FALSE,40.69262051,-73.81663394,1,1,0,1,1,1,1,1,10/1/2008,39722,10,8,1,4,FALSE
52380393,10/20/2008,21:19:00,9 PM,QUEENS,FALSE,40.70576101,-73.91419673,1,1,0,1,1,1,1,1,10/1/2008,39722,10,8,1,8,FALSE
52550582,10/27/2008,13:34:00,1 PM,BROOKLYN,TRUE,40.6861055,-73.97390879,1,0,1,1,1,1,1,1,10/1/2008,39722,10,8,1,8,FALSE
52550583,10/27/2008,22:50:00,10 PM,BROOKLYN,TRUE,40.65163001,-73.95111695,1,0,1,1,1,1,1,1,10/1/2008,39722,10,8,1,4,FALSE
54080623,11/16/2008,2:05:00,2 AM,BRONX,TRUE,40.84072359,-73.9097122,1,0,1,1,1,1,1,0,11/1/2008,39753,11,8,1,4,FALSE
54346522,11/22/2008,23:28:00,11 PM,BRONX,FALSE,40.82299102,-73.89687084,1,1,0,1,1,1,1,1,11/1/2008,39753,11,8,1,4,FALSE
54579982,12/1/2008,18:30:00,6 PM,BROOKLYN,FALSE,40.70504353,-73.93937396,1,1,0,1,1,1,0,0,12/1/2008,39783,12,8,1,4,FALSE
54968482,12/17/2008,17:51:00,5 PM,BRONX,FALSE,40.82848004,-73.88058003,1,1,0,1,1,1,1,1,12/1/2008,39783,12,8,1,4,FALSE
55195357,12/26/2008,22:13:00,10 PM,BROOKLYN,FALSE,40.65955699,-73.90766193,1,1,0,1,1,1,0,0,12/1/2008,39783,12,8,1,6,FALSE
55624564,1/11/2009,16:32:00,4 PM,QUEENS,TRUE,40.69412421,-73.79213282,1,0,1,1,1,1,1,0,1/1/2009,39814,1,9,1,4,FALSE
55823067,1/17/2009,1:44:00,1 AM,QUEENS,FALSE,40.70031829,-73.80995949,1,1,0,1,1,1,1,1,1/1/2009,39814,1,9,1,4,FALSE
55780317,1/18/2009,0:04:00,12 AM,BRONX,FALSE,40.87023883,-73.83698049,1,1,0,1,1,1,1,1,1/1/2009,39814,1,9,1,6,FALSE
55803386,1/18/2009,3:13:00,3 AM,BROOKLYN,FALSE,40.68162157,-73.95796991,1,1,0,1,1,1,0,0,1/1/2009,39814,1,9,1,6,FALSE
56422560,2/8/2009,3:45:00,3 AM,BRONX,TRUE,40.82529288,-73.91753887,1,0,1,1,1,1,1,0,2/1/2009,39845,2,9,1,4,FALSE
56662014,2/9/2009,23:22:00,11 PM,STATEN ISLAND,FALSE,40.63292595,-74.15514245,1,1,0,1,1,1,1,1,2/1/2009,39845,2,9,1,5,TRUE
57342204,2/16/2009,19:09:00,7 PM,BRONX,FALSE,40.85406748,-73.91504919,1,1,0,1,1,1,0,0,2/1/2009,39845,2,9,1,4,FALSE
57938888,2/17/2009,18:30:00,6 PM,MANHATTAN,FALSE,40.78998995,-73.94688356,1,1,0,1,1,1,0,0,2/1/2009,39845,2,9,1,4,FALSE
58995645,2/22/2009,1:28:00,1 AM,BRONX,FALSE,40.88393619,-73.86261117,1,1,0,1,1,1,1,1,2/1/2009,39845,2,9,1,4,FALSE
59039103,2/23/2009,21:18:00,9 PM,BRONX,FALSE,40.83540529,-73.92030648,1,1,0,1,1,1,0,0,2/1/2009,39845,2,9,1,4,FALSE
59120367,2/26/2009,22:56:00,10 PM,BROOKLYN,FALSE,40.69033068,-73.94095299,1,1,0,1,1,1,0,0,2/1/2009,39845,2,9,1,6,FALSE
59390967,3/8/2009,16:38:00,4 PM,BROOKLYN,TRUE,40.72134394,-73.94841423,1,0,1,1,1,1,1,0,3/1/2009,39873,3,9,1,4,FALSE
59801053,3/22/2009,1:57:00,1 AM,BROOKLYN,TRUE,40.57695491,-74.00269275,1,0,1,1,1,1,1,0,3/1/2009,39873,3,9,1,6,FALSE
60025211,3/27/2009,22:50:00,10 PM,BROOKLYN,FALSE,40.65900702,-73.92555525,1,1,0,1,1,1,0,0,3/1/2009,39873,3,9,1,4,FALSE
60217265,4/2/2009,10:25:00,10 AM,BRONX,FALSE,40.8841438,-73.85415436,1,1,0,1,1,1,1,1,4/1/2009,39904,4,9,1,4,FALSE
60405702,4/8/2009,14:25:00,2 PM,BROOKLYN,FALSE,40.64101,-73.99144572,1,1,0,1,1,1,0,0,4/1/2009,39904,4,9,1,4,FALSE
61170268,4/26/2009,1:17:00,1 AM,MANHATTAN,FALSE,40.80642137,-73.95019979,1,1,0,1,1,1,0,0,4/1/2009,39904,4,9,1,4,FALSE
61547631,5/8/2009,10:24:00,10 AM,QUEENS,FALSE,40.6658819,-73.76370964,1,1,0,1,1,1,0,0,5/1/2009,39934,5,9,1,4,FALSE
62199687,5/28/2009,15:30:00,3 PM,QUEENS,FALSE,40.7730314,-73.93375114,1,1,0,1,1,1,1,1,5/1/2009,39934,5,9,1,4,FALSE
62267915,5/30/2009,20:50:00,8 PM,BROOKLYN,FALSE,40.68390987,-73.96093789,1,1,0,1,1,1,1,1,5/1/2009,39934,5,9,1,4,FALSE
62275551,5/31/2009,3:15:00,3 AM,BROOKLYN,FALSE,40.64927281,-73.92816461,1,1,0,1,1,1,1,1,5/1/2009,39934,5,9,1,4,FALSE
62715029,6/12/2009,21:42:00,9 PM,BRONX,FALSE,40.87118335,-73.89110266,1,1,0,1,1,1,0,0,6/1/2009,39965,6,9,1,4,FALSE
62727446,6/13/2009,19:40:00,7 PM,MANHATTAN,FALSE,40.85672808,-73.93091002,1,1,0,1,1,1,1,1,6/1/2009,39965,6,9,1,4,FALSE
62968509,6/21/2009,4:41:00,4 AM,BROOKLYN,FALSE,40.63921663,-73.91935601,1,1,0,1,1,1,1,1,6/1/2009,39965,6,9,1,4,FALSE
63168504,6/27/2009,0:55:00,12 AM,BRONX,TRUE,40.80967291,-73.92019211,1,0,1,1,1,1,1,0,6/1/2009,39965,6,9,1,4,FALSE
63633476,7/12/2009,1:17:00,1 AM,BROOKLYN,FALSE,40.65024183,-73.91333025,1,1,0,1,1,1,0,0,7/1/2009,39995,7,9,1,4,FALSE
63656427,7/12/2009,19:47:00,7 PM,QUEENS,FALSE,40.67984791,-73.80264371,1,1,0,1,1,1,0,0,7/1/2009,39995,7,9,1,4,FALSE
64086396,7/25/2009,23:50:00,11 PM,STATEN ISLAND,FALSE,40.6412546,-74.08782617,1,1,0,1,1,1,1,1,7/1/2009,39995,7,9,1,6,FALSE
64556899,8/9/2009,22:40:00,10 PM,BROOKLYN,FALSE,40.67460123,-73.93057347,1,1,0,1,1,1,1,1,8/1/2009,40026,8,9,1,4,FALSE
64773334,8/16/2009,0:12:00,12 AM,BROOKLYN,FALSE,40.69575789,-73.94928262,1,1,0,1,1,1,1,1,8/1/2009,40026,8,9,1,4,FALSE
65010708,8/23/2009,4:29:00,4 AM,MANHATTAN,TRUE,40.73006666,-73.98061546,1,0,1,1,1,1,1,0,8/1/2009,40026,8,9,1,4,FALSE
65270101,8/31/2009,0:50:00,12 AM,BROOKLYN,FALSE,40.63900495,-73.95785735,1,1,0,1,1,1,1,1,8/1/2009,40026,8,9,1,4,FALSE
65463809,9/5/2009,0:15:00,12 AM,QUEENS,FALSE,40.68766898,-73.7501499,1,1,0,1,1,1,0,0,9/1/2009,40057,9,9,1,4,FALSE
65439914,9/5/2009,4:11:00,4 AM,BRONX,FALSE,40.88926504,-73.85459295,1,1,0,1,1,1,0,0,9/1/2009,40057,9,9,1,4,FALSE
65464026,9/7/2009,5:47:00,5 AM,BROOKLYN,TRUE,40.65857888,-73.90887182,1,0,1,1,1,1,1,0,9/1/2009,40057,9,9,1,4,FALSE
65636446,9/10/2009,17:47:00,5 PM,BROOKLYN,FALSE,40.68141197,-73.9272577,1,1,0,1,1,1,0,1,9/1/2009,40057,9,9,1,8,FALSE
66027258,9/22/2009,15:22:00,3 PM,BRONX,FALSE,40.81351149,-73.91767991,1,1,0,1,1,1,0,1,9/1/2009,40057,9,9,1,12,FALSE
66170350,9/26/2009,1:10:00,1 AM,BROOKLYN,FALSE,40.59801417,-74.00336562,1,1,0,1,1,1,1,1,9/1/2009,40057,9,9,1,4,FALSE
66217190,9/27/2009,21:05:00,9 PM,BRONX,TRUE,40.84337521,-73.91544663,1,0,1,1,1,1,1,0,9/1/2009,40057,9,9,1,4,FALSE
66383287,10/2/2009,15:18:00,3 PM,QUEENS,TRUE,40.69630221,-73.74411897,1,0,1,1,1,1,1,1,10/1/2009,40087,10,9,1,8,FALSE
66957864,10/19/2009,21:12:00,9 PM,BROOKLYN,FALSE,40.66930674,-73.89571092,1,1,0,1,1,1,0,1,10/1/2009,40087,10,9,1,8,FALSE
67147839,10/25/2009,19:58:00,7 PM,MANHATTAN,TRUE,40.79850134,-73.94594019,1,0,1,1,1,1,1,0,10/1/2009,40087,10,9,1,4,FALSE
67430041,11/3/2009,4:21:00,4 AM,BROOKLYN,FALSE,40.65665563,-73.93040225,1,1,0,1,1,1,0,0,11/1/2009,40118,11,9,1,6,FALSE
67895117,11/16/2009,15:45:00,3 PM,BRONX,FALSE,40.82789757,-73.89820515,1,1,0,1,1,1,1,1,11/1/2009,40118,11,9,1,4,FALSE
67896370,11/16/2009,20:28:00,8 PM,BRONX,TRUE,40.84546872,-73.88807889,1,0,1,1,1,1,1,0,11/1/2009,40118,11,9,1,6,FALSE
68152300,11/24/2009,1:42:00,1 AM,BROOKLYN,FALSE,40.65248171,-73.92512601,1,1,0,1,1,1,0,0,11/1/2009,40118,11,9,1,4,FALSE
68199158,11/25/2009,20:14:00,8 PM,BROOKLYN,TRUE,40.68375214,-73.91342777,1,0,1,1,1,1,1,0,11/1/2009,40118,11,9,1,4,FALSE
68251163,11/26/2009,22:10:00,10 PM,BRONX,FALSE,40.86333862,-73.89646978,1,1,0,1,1,1,0,0,11/1/2009,40118,11,9,1,6,FALSE
68552155,12/6/2009,21:30:00,9 PM,BROOKLYN,TRUE,40.68831356,-73.9584971,1,0,1,1,1,1,1,0,12/1/2009,40148,12,9,1,4,FALSE
68566523,12/6/2009,22:47:00,10 PM,QUEENS,FALSE,40.59923242,-73.76493353,1,1,0,1,1,1,0,0,12/1/2009,40148,12,9,1,4,FALSE
68613631,12/7/2009,17:23:00,5 PM,MANHATTAN,TRUE,40.79188123,-73.9384225,1,0,1,1,1,1,1,0,12/1/2009,40148,12,9,1,4,FALSE
68964080,12/17/2009,13:45:00,1 PM,MANHATTAN,TRUE,40.78606022,-73.97620917,1,0,1,1,1,1,1,0,12/1/2009,40148,12,9,1,6,FALSE
69420564,12/31/2009,22:07:00,10 PM,BRONX,FALSE,40.81478478,-73.91054217,1,1,0,1,1,1,0,0,12/1/2009,40148,12,9,1,4,FALSE
71054045,1/30/2010,23:50:00,11 PM,BRONX,TRUE,40.83449258,-73.92657358,1,0,1,1,1,1,1,0,1/1/2010,40179,1,10,1,4,FALSE
71311712,2/14/2010,1:19:00,1 AM,QUEENS,FALSE,40.71540113,-73.77071735,1,1,0,1,1,1,1,1,2/1/2010,40210,2,10,1,6,FALSE
71432863,2/21/2010,4:38:00,4 AM,BRONX,TRUE,40.81158945,-73.91894124,1,0,1,1,1,1,1,1,2/1/2010,40210,2,10,1,8,FALSE
71421996,2/21/2010,4:53:00,4 AM,MANHATTAN,FALSE,40.71195287,-73.98985422,1,1,0,1,1,1,0,0,2/1/2010,40210,2,10,1,4,FALSE
71454844,2/22/2010,14:58:00,2 PM,QUEENS,FALSE,40.69453789,-73.78868876,1,1,0,1,1,1,0,0,2/1/2010,40210,2,10,1,4,FALSE
71454846,2/22/2010,18:49:00,6 PM,BROOKLYN,FALSE,40.67043744,-73.92818193,1,1,0,1,1,1,0,0,2/1/2010,40210,2,10,1,4,FALSE
71662474,3/8/2010,19:41:00,7 PM,BROOKLYN,TRUE,40.69426406,-73.93280864,1,0,1,1,1,1,1,0,3/1/2010,40238,3,10,1,4,FALSE
71908646,3/25/2010,0:01:00,12 AM,QUEENS,TRUE,40.75566794,-73.94804565,1,0,1,1,1,1,1,1,3/1/2010,40238,3,10,1,8,FALSE
71938174,3/27/2010,6:41:00,6 AM,QUEENS,FALSE,40.6896378,-73.78690945,1,1,0,1,1,1,0,0,3/1/2010,40238,3,10,1,4,FALSE
72035712,4/2/2010,21:35:00,9 PM,BROOKLYN,FALSE,40.65969524,-73.90673228,1,1,0,1,1,1,1,1,4/1/2010,40269,4,10,1,4,FALSE
72058235,4/3/2010,4:00:00,4 AM,STATEN ISLAND,FALSE,40.62314067,-74.08284714,1,1,0,1,1,1,1,1,4/1/2010,40269,4,10,1,4,FALSE
72083623,4/5/2010,2:00:00,2 AM,MANHATTAN,FALSE,40.7535327,-73.99453689,1,1,0,1,1,1,1,1,4/1/2010,40269,4,10,1,4,FALSE
72143592,4/9/2010,19:38:00,7 PM,BROOKLYN,FALSE,40.66937736,-73.89522439,1,1,0,1,1,1,0,0,4/1/2010,40269,4,10,1,4,FALSE
72195829,4/12/2010,23:59:00,11 PM,BROOKLYN,TRUE,40.6803462,-73.93003637,1,0,1,1,1,1,1,1,4/1/2010,40269,4,10,1,12,FALSE
72236804,4/15/2010,12:59:00,12 PM,BROOKLYN,TRUE,40.6786102,-73.91675334,1,0,1,1,1,1,1,0,4/1/2010,40269,4,10,1,4,FALSE
72255655,4/16/2010,17:43:00,5 PM,BRONX,FALSE,40.88349949,-73.8285136,1,1,0,1,1,1,0,0,4/1/2010,40269,4,10,1,4,FALSE
72512101,5/2/2010,19:13:00,7 PM,BROOKLYN,FALSE,40.65290101,-73.89402764,1,1,0,1,1,1,0,0,5/1/2010,40299,5,10,1,4,FALSE
72616285,5/9/2010,1:58:00,1 AM,BRONX,FALSE,40.84598359,-73.90746099,1,1,0,1,1,1,0,1,5/1/2010,40299,5,10,1,12,FALSE
72809617,5/20/2010,19:50:00,7 PM,BROOKLYN,TRUE,40.68403745,-73.87433715,1,0,1,1,1,1,1,0,5/1/2010,40299,5,10,1,4,FALSE
72845444,5/23/2010,2:12:00,2 AM,QUEENS,TRUE,40.66327142,-73.76339268,1,0,1,1,1,1,1,0,5/1/2010,40299,5,10,1,6,FALSE
72845467,5/23/2010,3:07:00,3 AM,BRONX,TRUE,40.85517354,-73.90434664,1,0,1,1,1,1,1,1,5/1/2010,40299,5,10,1,4,FALSE
73003661,6/1/2010,2:35:00,2 AM,QUEENS,FALSE,40.69654228,-73.78681008,1,1,0,1,1,1,0,0,6/1/2010,40330,6,10,1,4,FALSE
73017572,6/2/2010,21:20:00,9 PM,BRONX,FALSE,40.8498778,-73.85821412,1,1,0,1,1,1,1,1,6/1/2010,40330,6,10,1,6,FALSE
73057168,6/5/2010,20:39:00,8 PM,BROOKLYN,FALSE,40.63762587,-73.94524946,1,1,0,1,1,1,0,0,6/1/2010,40330,6,10,1,4,FALSE
73075715,6/6/2010,23:32:00,11 PM,BROOKLYN,TRUE,40.65139086,-73.96020125,1,0,1,1,1,1,1,0,6/1/2010,40330,6,10,1,6,FALSE
73148559,6/9/2010,20:45:00,8 PM,BROOKLYN,TRUE,40.57390898,-74.00049436,1,0,1,1,1,1,1,0,6/1/2010,40330,6,10,1,6,FALSE
73204779,6/13/2010,18:30:00,6 PM,BROOKLYN,TRUE,40.66213356,-73.90105328,1,0,1,1,1,1,1,1,6/1/2010,40330,6,10,1,4,FALSE
73388086,6/25/2010,10:07:00,10 AM,BROOKLYN,TRUE,40.59387349,-73.94012775,1,0,1,1,1,1,1,0,6/1/2010,40330,6,10,1,4,FALSE
73398058,6/26/2010,2:40:00,2 AM,BROOKLYN,FALSE,40.69151241,-73.90955229,1,1,0,1,1,1,0,0,6/1/2010,40330,6,10,1,4,FALSE
73473781,6/30/2010,20:52:00,8 PM,BROOKLYN,FALSE,40.67919247,-73.94127787,1,1,0,1,1,1,0,0,6/1/2010,40330,6,10,1,4,FALSE
73528809,7/4/2010,3:15:00,3 AM,MANHATTAN,TRUE,40.82716143,-73.94620597,1,0,1,1,1,1,1,0,7/1/2010,40360,7,10,1,4,FALSE
73517107,7/4/2010,5:18:00,5 AM,BROOKLYN,TRUE,40.63913619,-73.95123555,1,0,1,1,1,1,1,0,7/1/2010,40360,7,10,1,4,FALSE
73617988,7/11/2010,0:43:00,12 AM,BRONX,TRUE,40.86308916,-73.86016149,1,0,1,1,1,1,1,0,7/1/2010,40360,7,10,1,4,FALSE
73618616,7/11/2010,1:46:00,1 AM,BROOKLYN,FALSE,40.6914705,-73.94408018,1,1,0,1,1,1,0,0,7/1/2010,40360,7,10,1,6,FALSE
73618606,7/11/2010,2:25:00,2 AM,BRONX,TRUE,40.83121049,-73.87930835,1,0,1,1,1,1,1,0,7/1/2010,40360,7,10,1,4,FALSE
73620301,7/11/2010,6:27:00,6 AM,QUEENS,TRUE,40.69163846,-73.81186544,1,0,1,1,1,1,1,0,7/1/2010,40360,7,10,1,4,FALSE
73702377,7/15/2010,23:39:00,11 PM,BRONX,FALSE,40.82510036,-73.89485454,1,1,0,1,1,1,0,0,7/1/2010,40360,7,10,1,4,FALSE
74036631,8/7/2010,2:48:00,2 AM,BRONX,FALSE,40.83973923,-73.91317916,1,1,0,1,1,1,0,0,8/1/2010,40391,8,10,1,6,FALSE
74366120,8/29/2010,18:11:00,6 PM,BRONX,TRUE,40.86947048,-73.8798608,1,0,1,1,1,1,1,0,8/1/2010,40391,8,10,1,4,FALSE
74374660,8/30/2010,4:26:00,4 AM,BROOKLYN,TRUE,40.66568807,-73.93141991,1,0,1,1,1,1,1,0,8/1/2010,40391,8,10,1,4,FALSE
74455296,9/3/2010,18:28:00,6 PM,BRONX,FALSE,40.85393879,-73.89243765,1,1,0,1,1,1,1,1,9/1/2010,40422,9,10,1,4,FALSE
74568521,9/11/2010,1:06:00,1 AM,QUEENS,FALSE,40.66953829,-73.77822726,1,1,0,1,1,1,0,0,9/1/2010,40422,9,10,1,4,FALSE
74883745,10/3/2010,1:16:00,1 AM,MANHATTAN,TRUE,40.80661721,-73.93676598,1,0,1,1,1,1,1,0,10/1/2010,40452,10,10,1,4,FALSE
74895033,10/4/2010,2:49:00,2 AM,QUEENS,FALSE,40.7517303,-73.70308024,1,1,0,1,1,1,0,0,10/1/2010,40452,10,10,1,4,FALSE
75202880,10/23/2010,2:50:00,2 AM,QUEENS,FALSE,40.65761254,-73.74877935,1,1,0,1,1,1,1,1,10/1/2010,40452,10,10,1,6,FALSE
75330409,10/29/2010,0:13:00,12 AM,BRONX,FALSE,40.84678224,-73.89245961,1,1,0,1,1,1,1,1,10/1/2010,40452,10,10,1,4,FALSE
75330416,10/30/2010,5:39:00,5 AM,BROOKLYN,TRUE,40.59516026,-73.93797985,1,0,1,1,1,1,1,0,10/1/2010,40452,10,10,1,4,FALSE
75538349,11/13/2010,3:50:00,3 AM,QUEENS,FALSE,40.75766884,-73.9162065,1,1,0,1,1,1,0,0,11/1/2010,40483,11,10,1,4,FALSE
75561355,11/14/2010,20:10:00,8 PM,BROOKLYN,FALSE,40.67783152,-73.92654641,1,1,0,1,1,1,0,0,11/1/2010,40483,11,10,1,4,FALSE
75647143,11/19/2010,21:27:00,9 PM,QUEENS,FALSE,40.68950033,-73.78974503,1,1,0,1,1,1,0,1,11/1/2010,40483,11,10,1,8,FALSE
76052898,12/18/2010,2:12:00,2 AM,BROOKLYN,FALSE,40.67094705,-73.92109057,1,1,0,1,1,1,0,0,12/1/2010,40513,12,10,1,4,FALSE
76606766,12/26/2010,19:21:00,7 PM,BROOKLYN,FALSE,40.6760525,-73.93461244,1,1,0,1,1,1,0,0,12/1/2010,40513,12,10,1,4,FALSE
76623745,12/28/2010,19:57:00,7 PM,STATEN ISLAND,TRUE,40.63638836,-74.13452749,1,0,1,1,1,1,1,0,12/1/2010,40513,12,10,1,4,FALSE
77050529,1/29/2011,5:15:00,5 AM,BRONX,FALSE,40.82884782,-73.91665934,1,1,0,1,1,1,1,1,1/1/2011,40544,1,11,1,4,FALSE
77106546,2/2/2011,21:55:00,9 PM,BROOKLYN,FALSE,40.6849277,-73.91623751,1,1,0,1,1,1,0,0,2/1/2011,40575,2,11,1,4,FALSE
77164262,2/6/2011,16:37:00,4 PM,BRONX,FALSE,40.8172453,-73.88828035,1,1,0,1,1,1,0,0,2/1/2011,40575,2,11,1,4,FALSE
77376416,2/20/2011,18:57:00,6 PM,BROOKLYN,FALSE,40.6839442,-73.87118829,1,1,0,1,1,1,1,1,2/1/2011,40575,2,11,1,6,FALSE
77824207,3/21/2011,17:25:00,5 PM,BROOKLYN,FALSE,40.65077583,-73.93320605,1,1,0,1,1,1,0,0,3/1/2011,40603,3,11,1,4,FALSE
77905142,3/26/2011,2:19:00,2 AM,QUEENS,TRUE,40.75544249,-73.94342212,1,0,1,1,1,1,1,0,3/1/2011,40603,3,11,1,4,FALSE
78130348,4/7/2011,19:56:00,7 PM,BRONX,TRUE,40.86350711,-73.90446458,1,0,1,1,1,1,1,0,4/1/2011,40634,4,11,1,6,FALSE
78199169,4/12/2011,17:53:00,5 PM,BRONX,TRUE,40.8529936,-73.90518049,1,0,1,1,1,1,1,0,4/1/2011,40634,4,11,1,4,FALSE
78253354,4/14/2011,21:30:00,9 PM,BRONX,FALSE,40.81548934,-73.90031476,1,1,0,1,1,1,1,1,4/1/2011,40634,4,11,1,4,FALSE
78676056,5/11/2011,21:31:00,9 PM,BRONX,FALSE,40.827795,-73.89900251,1,1,0,1,1,1,1,1,5/1/2011,40664,5,11,1,4,FALSE
78817501,5/17/2011,12:32:00,12 PM,STATEN ISLAND,FALSE,40.53500878,-74.18631304,1,1,0,1,1,1,0,0,5/1/2011,40664,5,11,1,4,FALSE
78989592,5/27/2011,22:30:00,10 PM,BRONX,FALSE,40.82785919,-73.87417936,1,1,0,1,1,1,1,1,5/1/2011,40664,5,11,1,6,FALSE
78997263,5/27/2011,23:11:00,11 PM,BROOKLYN,TRUE,40.60439102,-73.97050734,1,0,1,1,1,1,1,0,5/1/2011,40664,5,11,1,4,FALSE
79008368,5/28/2011,1:03:00,1 AM,BROOKLYN,FALSE,40.68548951,-73.91499668,1,1,0,1,1,1,0,0,5/1/2011,40664,5,11,1,4,FALSE
79005893,5/29/2011,5:19:00,5 AM,BROOKLYN,FALSE,40.59487265,-73.94081662,1,1,0,1,1,1,0,0,5/1/2011,40664,5,11,1,4,FALSE
79016632,5/29/2011,23:09:00,11 PM,BRONX,FALSE,40.81252582,-73.92442599,1,1,0,1,1,1,0,0,5/1/2011,40664,5,11,1,4,FALSE
79222699,6/9/2011,17:22:00,5 PM,BROOKLYN,FALSE,40.57508547,-73.9610346,1,1,0,1,1,1,0,1,6/1/2011,40695,6,11,1,8,FALSE
79230548,6/9/2011,20:59:00,8 PM,BRONX,FALSE,40.82981986,-73.86684071,1,1,0,1,1,1,1,1,6/1/2011,40695,6,11,1,4,FALSE
79352029,6/16/2011,20:48:00,8 PM,MANHATTAN,TRUE,40.80707512,-73.94784794,1,0,1,1,1,1,1,0,6/1/2011,40695,6,11,1,4,FALSE
79378503,6/18/2011,3:10:00,3 AM,BROOKLYN,TRUE,40.67042684,-73.8925547,1,0,1,1,1,1,1,1,6/1/2011,40695,6,11,1,12,FALSE
79379294,6/19/2011,0:15:00,12 AM,BROOKLYN,FALSE,40.65861181,-73.95186377,1,1,0,1,1,1,1,1,6/1/2011,40695,6,11,1,6,FALSE
79487733,6/24/2011,23:10:00,11 PM,BRONX,FALSE,40.82334915,-73.86525665,1,1,0,1,1,1,0,0,6/1/2011,40695,6,11,1,4,FALSE
79496946,6/26/2011,4:14:00,4 AM,QUEENS,TRUE,40.68921789,-73.79145015,1,0,1,1,1,1,1,0,6/1/2011,40695,6,11,1,4,FALSE
79605717,7/2/2011,10:17:00,10 AM,QUEENS,TRUE,40.73578255,-73.81062738,1,0,1,1,1,1,1,0,7/1/2011,40725,7,11,1,4,FALSE
79607270,7/2/2011,17:45:00,5 PM,QUEENS,TRUE,40.73232743,-73.81173432,1,0,1,1,1,1,1,0,7/1/2011,40725,7,11,1,4,FALSE
79624389,7/3/2011,20:22:00,8 PM,BRONX,TRUE,40.8228608,-73.91916462,1,0,1,1,1,1,1,0,7/1/2011,40725,7,11,1,4,FALSE
79636125,7/5/2011,0:17:00,12 AM,BRONX,TRUE,40.82015212,-73.89227277,1,0,1,1,1,1,1,0,7/1/2011,40725,7,11,1,4,FALSE
79719093,7/8/2011,17:56:00,5 PM,BROOKLYN,FALSE,40.66914467,-73.91546924,1,1,0,1,1,1,1,1,7/1/2011,40725,7,11,1,4,FALSE
79940492,7/23/2011,3:46:00,3 AM,BROOKLYN,TRUE,40.66976277,-73.91027436,1,0,1,1,1,1,1,0,7/1/2011,40725,7,11,1,4,FALSE
80064773,7/30/2011,23:25:00,11 PM,BROOKLYN,FALSE,40.57765294,-73.99687677,1,1,0,1,1,1,0,0,7/1/2011,40725,7,11,1,4,FALSE
80387683,8/21/2011,3:58:00,3 AM,BRONX,FALSE,40.83722597,-73.88729341,1,1,0,1,1,1,0,0,8/1/2011,40756,8,11,1,4,FALSE
80484245,8/27/2011,0:40:00,12 AM,QUEENS,FALSE,40.68424312,-73.79767795,1,1,0,1,1,1,1,1,8/1/2011,40756,8,11,1,5,TRUE
80492765,8/29/2011,1:04:00,1 AM,BROOKLYN,FALSE,40.66760816,-73.87684498,1,1,0,1,1,1,0,0,8/1/2011,40756,8,11,1,4,FALSE
80510374,8/29/2011,19:45:00,7 PM,BRONX,FALSE,40.84504499,-73.88041747,1,1,0,1,1,1,1,1,8/1/2011,40756,8,11,1,4,FALSE
80541204,8/31/2011,19:18:00,7 PM,BROOKLYN,FALSE,40.66932891,-73.90433897,1,1,0,1,1,1,0,0,8/1/2011,40756,8,11,1,6,FALSE
80558961,9/2/2011,3:56:00,3 AM,QUEENS,FALSE,40.68486374,-73.75868056,1,1,0,1,1,1,0,0,9/1/2011,40787,9,11,1,6,FALSE
80584530,9/4/2011,3:33:00,3 AM,BRONX,FALSE,40.88545008,-73.86346289,1,1,0,1,1,1,1,1,9/1/2011,40787,9,11,1,6,FALSE
80585002,9/4/2011,18:35:00,6 PM,BROOKLYN,FALSE,40.69534812,-73.95255691,1,1,0,1,1,1,0,0,9/1/2011,40787,9,11,1,4,FALSE
80592060,9/5/2011,0:45:00,12 AM,BROOKLYN,FALSE,40.65622686,-73.92695809,1,1,0,1,1,1,0,0,9/1/2011,40787,9,11,1,4,FALSE
80624786,9/5/2011,21:04:00,9 PM,BROOKLYN,TRUE,40.67429039,-73.95724337,1,0,1,1,1,1,1,1,9/1/2011,40787,9,11,1,8,FALSE
80605485,9/6/2011,2:20:00,2 AM,QUEENS,FALSE,40.69418924,-73.80253725,1,1,0,1,1,1,1,1,9/1/2011,40787,9,11,1,6,FALSE
80650776,9/8/2011,22:48:00,10 PM,BROOKLYN,FALSE,40.68679782,-73.91534567,1,1,0,1,1,1,0,0,9/1/2011,40787,9,11,1,6,FALSE
80667853,9/9/2011,23:00:00,11 PM,BRONX,FALSE,40.84194339,-73.91424788,1,1,0,1,1,1,1,1,9/1/2011,40787,9,11,1,4,FALSE
80667642,9/10/2011,1:15:00,1 AM,BROOKLYN,FALSE,40.68593572,-73.94007844,1,1,0,1,1,1,1,1,9/1/2011,40787,9,11,1,4,FALSE
80879917,9/24/2011,2:20:00,2 AM,BRONX,TRUE,40.85214828,-73.92069849,1,0,1,1,1,1,1,0,9/1/2011,40787,9,11,1,4,FALSE
80881721,9/25/2011,1:39:00,1 AM,BRONX,FALSE,40.82743355,-73.86822579,1,1,0,1,1,1,0,0,9/1/2011,40787,9,11,1,4,FALSE
80938321,9/28/2011,17:39:00,5 PM,MANHATTAN,FALSE,40.80130288,-73.93610756,1,1,0,1,1,1,1,1,9/1/2011,40787,9,11,1,6,FALSE
80989164,9/30/2011,19:23:00,7 PM,BRONX,FALSE,40.85776982,-73.89460746,1,1,0,1,1,1,1,1,9/1/2011,40787,9,11,1,4,FALSE
80990271,10/2/2011,7:52:00,7 AM,BROOKLYN,TRUE,40.68295412,-73.90857801,1,0,1,1,1,1,1,0,10/1/2011,40817,10,11,1,4,FALSE
81182107,10/13/2011,15:36:00,3 PM,BROOKLYN,FALSE,40.67539659,-73.88551152,1,1,0,1,1,1,0,0,10/1/2011,40817,10,11,1,4,FALSE
81242424,10/17/2011,18:38:00,6 PM,BROOKLYN,FALSE,40.69075489,-73.95681565,1,1,0,1,1,1,0,0,10/1/2011,40817,10,11,1,4,FALSE
81308610,10/21/2011,14:33:00,2 PM,BROOKLYN,TRUE,40.67010465,-73.90796996,1,0,1,1,1,1,1,1,10/1/2011,40817,10,11,1,8,FALSE
81701068,11/15/2011,2:23:00,2 AM,MANHATTAN,TRUE,40.74707493,-74.00668081,1,0,1,1,1,1,1,0,11/1/2011,40848,11,11,1,6,FALSE
81778269,11/18/2011,15:03:00,3 PM,BROOKLYN,TRUE,40.63360565,-73.91369976,1,0,1,1,1,1,1,0,11/1/2011,40848,11,11,1,4,FALSE
82010445,12/4/2011,16:33:00,4 PM,BROOKLYN,TRUE,40.64922474,-73.92042277,1,0,1,1,1,1,1,0,12/1/2011,40878,12,11,1,4,FALSE
82027582,12/5/2011,8:53:00,8 AM,QUEENS,FALSE,40.77249061,-73.90786864,1,1,0,1,1,1,0,0,12/1/2011,40878,12,11,1,4,FALSE
82124624,12/11/2011,4:00:00,4 AM,BRONX,TRUE,40.80978301,-73.88091635,1,0,1,1,1,1,1,0,12/1/2011,40878,12,11,1,4,FALSE
82143106,12/12/2011,21:01:00,9 PM,MANHATTAN,TRUE,40.78872009,-73.93999542,1,0,1,1,1,1,1,1,12/1/2011,40878,12,11,1,4,FALSE
82361864,12/27/2011,2:16:00,2 AM,BRONX,FALSE,40.81133703,-73.91703348,1,1,0,1,1,1,1,1,12/1/2011,40878,12,11,1,4,FALSE
82411147,12/31/2011,1:50:00,1 AM,BRONX,TRUE,40.85776982,-73.89460746,1,0,1,1,1,1,1,1,12/1/2011,40878,12,11,1,8,FALSE
82485719,1/5/2012,14:22:00,2 PM,MANHATTAN,FALSE,40.81113131,-73.93671563,1,1,0,1,1,1,1,1,1/1/2012,40909,1,12,1,6,FALSE
82537070,1/8/2012,18:15:00,6 PM,BRONX,FALSE,40.84540068,-73.8810717,1,1,0,1,1,1,0,0,1/1/2012,40909,1,12,1,4,FALSE
82565818,1/10/2012,16:52:00,4 PM,MANHATTAN,FALSE,40.7970891,-73.94275039,1,1,0,1,1,1,1,1,1/1/2012,40909,1,12,1,4,FALSE
83005768,2/5/2012,1:15:00,1 AM,QUEENS,FALSE,40.67604659,-73.79034331,1,1,0,1,1,1,0,0,2/1/2012,40940,2,12,1,4,FALSE
83243668,2/18/2012,3:58:00,3 AM,BRONX,TRUE,40.81608783,-73.8958248,1,0,1,1,1,1,1,0,2/1/2012,40940,2,12,1,4,FALSE
83719889,3/17/2012,7:00:00,7 AM,BRONX,FALSE,40.85328138,-73.8858709,1,1,0,1,1,1,0,0,3/1/2012,40969,3,12,1,4,FALSE
83732961,3/18/2012,5:25:00,5 AM,QUEENS,FALSE,40.67344168,-73.80359524,1,1,0,1,1,1,0,0,3/1/2012,40969,3,12,1,4,FALSE
83751047,3/19/2012,14:29:00,2 PM,MANHATTAN,FALSE,40.8135746,-73.95132518,1,1,0,1,1,1,1,1,3/1/2012,40969,3,12,1,4,FALSE
83782601,3/20/2012,19:55:00,7 PM,BROOKLYN,TRUE,40.67341596,-73.93347088,1,0,1,1,1,1,1,0,3/1/2012,40969,3,12,1,4,FALSE
84205617,4/14/2012,0:51:00,12 AM,BRONX,FALSE,40.81683774,-73.86428738,1,1,0,1,1,1,0,0,4/1/2012,41000,4,12,1,4,FALSE
84205618,4/14/2012,1:05:00,1 AM,QUEENS,FALSE,40.64554292,-73.74459606,1,1,0,1,1,1,1,1,4/1/2012,41000,4,12,1,4,FALSE
84352571,4/22/2012,22:50:00,10 PM,BROOKLYN,TRUE,40.67621874,-73.92336776,1,0,1,1,1,1,1,0,4/1/2012,41000,4,12,1,4,FALSE
84371227,4/24/2012,3:27:00,3 AM,MANHATTAN,FALSE,40.82988338,-73.93675968,1,1,0,1,1,1,0,0,4/1/2012,41000,4,12,1,4,FALSE
84452449,4/29/2012,4:56:00,4 AM,BROOKLYN,FALSE,40.70428341,-73.94096295,1,1,0,1,1,1,1,1,4/1/2012,41000,4,12,1,4,FALSE
84562905,5/5/2012,4:31:00,4 AM,STATEN ISLAND,TRUE,40.6319395,-74.16347158,1,0,1,1,1,1,1,0,5/1/2012,41030,5,12,1,4,FALSE
84701796,5/13/2012,2:30:00,2 AM,BRONX,FALSE,40.84575241,-73.92192393,1,1,0,1,1,1,0,0,5/1/2012,41030,5,12,1,4,FALSE
84854142,5/21/2012,19:31:00,7 PM,BROOKLYN,FALSE,40.66821514,-73.93117782,1,1,0,1,1,1,1,1,5/1/2012,41030,5,12,1,4,FALSE
84945936,5/26/2012,2:28:00,2 AM,BRONX,FALSE,40.84176445,-73.85220618,1,1,0,1,1,1,0,0,5/1/2012,41030,5,12,1,4,FALSE
84956713,5/26/2012,2:45:00,2 AM,BRONX,TRUE,40.83263068,-73.88844356,1,0,1,1,1,1,1,0,5/1/2012,41030,5,12,1,4,FALSE
85065261,6/2/2012,22:42:00,10 PM,BROOKLYN,TRUE,40.68239113,-73.90564187,1,0,1,1,1,1,1,0,6/1/2012,41061,6,12,1,4,FALSE
85066514,6/3/2012,16:51:00,4 PM,MANHATTAN,TRUE,40.81092012,-73.94504392,1,0,1,1,1,1,1,0,6/1/2012,41061,6,12,1,4,FALSE
85094886,6/5/2012,3:30:00,3 AM,BROOKLYN,TRUE,40.65394762,-73.88777332,1,0,1,1,1,1,1,0,6/1/2012,41061,6,12,1,4,FALSE
85209345,6/12/2012,2:37:00,2 AM,BRONX,FALSE,40.88605284,-73.86144498,1,1,0,1,1,1,1,1,6/1/2012,41061,6,12,1,4,FALSE
85491311,6/28/2012,23:29:00,11 PM,BROOKLYN,TRUE,40.66542842,-73.92184437,1,0,1,1,1,1,1,0,6/1/2012,41061,6,12,1,4,FALSE
85518944,6/30/2012,4:46:00,4 AM,QUEENS,FALSE,40.71179529,-73.74565068,1,1,0,1,1,1,0,0,6/1/2012,41061,6,12,1,4,FALSE
85538929,7/2/2012,2:40:00,2 AM,QUEENS,FALSE,40.59288567,-73.79565279,1,1,0,1,1,1,1,1,7/1/2012,41091,7,12,1,4,FALSE
85643661,7/7/2012,3:40:00,3 AM,BROOKLYN,TRUE,40.67658467,-74.01110429,1,0,1,1,1,1,1,0,7/1/2012,41091,7,12,1,4,FALSE
85744760,7/15/2012,2:21:00,2 AM,BRONX,FALSE,40.8178606,-73.85404649,1,1,0,1,1,1,0,0,7/1/2012,41091,7,12,1,4,FALSE
85875439,7/22/2012,21:35:00,9 PM,BRONX,FALSE,40.82487782,-73.90317908,1,1,0,1,1,1,0,1,7/1/2012,41091,7,12,1,12,FALSE
85910307,7/24/2012,19:33:00,7 PM,BROOKLYN,TRUE,40.67081798,-73.93510873,1,0,1,1,1,1,1,0,7/1/2012,41091,7,12,1,4,FALSE
85980014,7/29/2012,18:55:00,6 PM,BROOKLYN,FALSE,40.67113,-73.91350205,1,1,0,1,1,1,1,1,7/1/2012,41091,7,12,1,12,FALSE
86071518,8/2/2012,18:15:00,6 PM,MANHATTAN,FALSE,40.79772627,-73.94650651,1,1,0,1,1,1,1,1,8/1/2012,41122,8,12,1,4,FALSE
86374478,8/21/2012,22:45:00,10 PM,QUEENS,FALSE,40.75838482,-73.83361056,1,1,0,1,1,1,0,0,8/1/2012,41122,8,12,1,4,FALSE
86415278,8/23/2012,13:22:00,1 PM,BRONX,TRUE,40.82766957,-73.92543702,1,0,1,1,1,1,1,0,8/1/2012,41122,8,12,1,4,FALSE
86415277,8/23/2012,21:03:00,9 PM,MANHATTAN,TRUE,40.8022927,-73.94528131,1,0,1,1,1,1,1,1,8/1/2012,41122,8,12,1,8,FALSE
86437258,8/26/2012,1:05:00,1 AM,BRONX,TRUE,40.85795235,-73.86323195,1,0,1,1,1,1,1,1,8/1/2012,41122,8,12,1,12,FALSE
86469571,8/27/2012,23:55:00,11 PM,QUEENS,FALSE,40.69713212,-73.76792916,1,1,0,1,1,1,1,1,8/1/2012,41122,8,12,1,4,FALSE
86520723,8/30/2012,21:05:00,9 PM,BROOKLYN,FALSE,40.65495199,-73.958,1,1,0,1,1,1,0,0,8/1/2012,41122,8,12,1,6,FALSE
86870747,9/22/2012,2:40:00,2 AM,QUEENS,FALSE,40.71847752,-73.81448197,1,1,0,1,1,1,1,1,9/1/2012,41153,9,12,1,4,FALSE
86990678,9/30/2012,3:39:00,3 AM,BRONX,FALSE,40.85461265,-73.88423223,1,1,0,1,1,1,0,0,9/1/2012,41153,9,12,1,4,FALSE
87026705,10/2/2012,2:37:00,2 AM,BRONX,TRUE,40.87430381,-73.86925723,1,0,1,1,1,1,1,0,10/1/2012,41183,10,12,1,4,FALSE
87107847,10/6/2012,2:25:00,2 AM,QUEENS,FALSE,40.69536328,-73.8454835,1,1,0,1,1,1,0,0,10/1/2012,41183,10,12,1,4,FALSE
87443958,10/27/2012,7:15:00,7 AM,BROOKLYN,FALSE,40.68044257,-73.98256373,1,1,0,1,1,1,0,0,10/1/2012,41183,10,12,1,4,FALSE
88254246,12/23/2012,16:58:00,4 PM,BRONX,FALSE,40.8473681,-73.90418211,1,1,0,1,1,1,0,1,12/1/2012,41244,12,12,1,8,FALSE
88330218,12/29/2012,3:10:00,3 AM,QUEENS,FALSE,40.58989407,-73.80807855,1,1,0,1,1,1,1,1,12/1/2012,41244,12,12,1,4,FALSE
88390468,1/3/2013,12:55:00,12 PM,BRONX,TRUE,40.82334915,-73.86525665,1,0,1,1,1,1,1,0,1/1/2013,41275,1,13,1,4,FALSE
88452302,1/7/2013,17:07:00,5 PM,BROOKLYN,TRUE,40.65410106,-73.9383733,1,0,1,1,1,1,1,0,1/1/2013,41275,1,13,1,4,FALSE
89002113,2/5/2013,9:50:00,9 AM,BROOKLYN,FALSE,40.6418064,-73.95343319,1,1,0,1,1,1,0,0,2/1/2013,41306,2,13,1,4,FALSE
89238891,2/20/2013,0:30:00,12 AM,BROOKLYN,TRUE,40.66694921,-73.92990894,1,0,1,1,1,1,1,0,2/1/2013,41306,2,13,1,4,FALSE
89514645,3/6/2013,4:08:00,4 AM,QUEENS,TRUE,40.65608318,-73.85375485,1,0,1,1,1,1,1,1,3/1/2013,41334,3,13,1,6,FALSE
89770225,3/22/2013,16:00:00,4 PM,BROOKLYN,FALSE,40.57916181,-74.00037111,1,1,0,1,1,1,0,0,3/1/2013,41334,3,13,1,6,FALSE
90128858,4/15/2013,23:12:00,11 PM,BROOKLYN,TRUE,40.67862798,-73.89370735,1,0,1,1,1,1,1,1,4/1/2013,41365,4,13,1,5,TRUE
90215685,4/20/2013,4:09:00,4 AM,MANHATTAN,FALSE,40.8622795,-73.92052621,1,1,0,1,1,1,1,1,4/1/2013,41365,4,13,1,4,FALSE
90451786,5/3/2013,20:08:00,8 PM,QUEENS,TRUE,40.59504266,-73.78514357,1,0,1,1,1,1,1,0,5/1/2013,41395,5,13,1,4,FALSE
90843733,5/27/2013,2:10:00,2 AM,BROOKLYN,FALSE,40.63921663,-73.91935601,1,1,0,1,1,1,0,0,5/1/2013,41395,5,13,1,4,FALSE
90905822,5/30/2013,18:14:00,6 PM,BRONX,FALSE,40.82738357,-73.88889883,1,1,0,1,1,1,0,1,5/1/2013,41395,5,13,1,8,FALSE
91177905,6/15/2013,21:39:00,9 PM,STATEN ISLAND,FALSE,40.64257326,-74.08652507,1,1,0,1,1,1,1,1,6/1/2013,41426,6,13,1,4,FALSE
91270515,6/21/2013,18:00:00,6 PM,BRONX,FALSE,40.85665432,-73.84387022,1,1,0,1,1,1,1,1,6/1/2013,41426,6,13,1,4,FALSE
91399595,6/30/2013,0:51:00,12 AM,BROOKLYN,FALSE,40.64550491,-73.92776193,1,1,0,1,1,1,1,1,6/1/2013,41426,6,13,1,4,FALSE
91500044,7/6/2013,18:20:00,6 PM,BROOKLYN,TRUE,40.6985439,-73.94983723,1,0,1,1,1,1,1,0,7/1/2013,41456,7,13,1,4,FALSE
91612689,7/13/2013,2:05:00,2 AM,BROOKLYN,FALSE,40.65950368,-73.94904842,1,1,0,1,1,1,1,1,7/1/2013,41456,7,13,1,4,FALSE
91727938,7/20/2013,4:32:00,4 AM,STATEN ISLAND,FALSE,40.61549182,-74.08165668,1,1,0,1,1,1,0,0,7/1/2013,41456,7,13,1,4,FALSE
91727927,7/20/2013,14:10:00,2 PM,BROOKLYN,FALSE,40.69737806,-73.91784291,1,1,0,1,1,1,1,1,7/1/2013,41456,7,13,1,4,FALSE
91739682,7/21/2013,16:56:00,4 PM,BROOKLYN,FALSE,40.66269413,-73.88830693,1,1,0,1,1,1,0,0,7/1/2013,41456,7,13,1,4,FALSE
92152095,8/15/2013,23:55:00,11 PM,BROOKLYN,TRUE,40.59372081,-73.98320456,1,0,1,1,1,1,1,0,8/1/2013,41487,8,13,1,4,FALSE
92175189,8/18/2013,5:00:00,5 AM,BRONX,FALSE,40.8793255,-73.87487685,1,1,0,1,1,1,1,1,8/1/2013,41487,8,13,1,4,FALSE
92293263,8/25/2013,0:58:00,12 AM,BROOKLYN,FALSE,40.64795003,-73.99840931,1,1,0,1,1,1,0,0,8/1/2013,41487,8,13,1,4,FALSE
92507553,9/7/2013,3:05:00,3 AM,BRONX,TRUE,40.82339303,-73.91833725,1,0,1,1,1,1,1,0,9/1/2013,41518,9,13,1,4,FALSE
92952445,10/5/2013,0:45:00,12 AM,BRONX,TRUE,40.87117436,-73.85214646,1,0,1,1,1,1,1,0,10/1/2013,41548,10,13,1,4,FALSE
93102602,10/15/2013,3:00:00,3 AM,BROOKLYN,FALSE,40.67572745,-73.92149748,1,1,0,1,1,1,0,0,10/1/2013,41548,10,13,1,4,FALSE
93525205,11/11/2013,0:04:00,12 AM,BROOKLYN,TRUE,40.7122924,-73.93625826,1,0,1,1,1,1,1,0,11/1/2013,41579,11,13,1,4,FALSE
93607539,11/15/2013,16:10:00,4 PM,BRONX,FALSE,40.81278201,-73.9092405,1,1,0,1,1,1,1,1,11/1/2013,41579,11,13,1,4,FALSE
94163097,12/23/2013,20:06:00,8 PM,QUEENS,TRUE,40.59523867,-73.76373412,1,0,1,1,1,1,1,0,12/1/2013,41609,12,13,1,4,FALSE
94317619,1/3/2014,16:10:00,4 PM,QUEENS,TRUE,40.67998074,-73.77623391,1,0,1,1,1,1,1,1,1/1/2014,41640,1,14,1,8,FALSE
94424905,1/10/2014,17:25:00,5 PM,BRONX,FALSE,40.85052146,-73.90514945,1,1,0,1,1,1,0,1,1/1/2014,41640,1,14,1,12,FALSE
94738552,1/31/2014,21:14:00,9 PM,BRONX,TRUE,40.82661768,-73.90313952,1,0,1,1,1,1,1,1,1/1/2014,41640,1,14,1,8,FALSE
95013712,2/21/2014,0:45:00,12 AM,BRONX,FALSE,40.8286906,-73.90835519,1,1,0,1,1,1,1,1,2/1/2014,41671,2,14,1,4,FALSE
95358499,3/13/2014,21:53:00,9 PM,BRONX,FALSE,40.84500971,-73.87947894,1,1,0,1,1,1,0,0,3/1/2014,41699,3,14,1,4,FALSE
95504871,3/23/2014,1:40:00,1 AM,QUEENS,FALSE,40.75416374,-73.94465265,1,1,0,1,1,1,1,1,3/1/2014,41699,3,14,1,6,FALSE
109340977,3/28/2014,18:02:00,6 PM,STATEN ISLAND,FALSE,40.60772362,-74.07858413,1,1,0,1,1,1,0,0,3/1/2014,41699,3,14,1,4,FALSE
109340975,3/30/2014,15:21:00,3 PM,QUEENS,FALSE,40.68888557,-73.80420219,1,1,0,1,1,1,0,0,3/1/2014,41699,3,14,1,4,FALSE
109340974,3/30/2014,16:09:00,4 PM,BROOKLYN,TRUE,40.68840646,-73.93164219,1,0,1,1,1,1,1,0,3/1/2014,41699,3,14,1,4,FALSE
136933089,5/26/2014,1:20:00,1 AM,QUEENS,TRUE,40.67583106,-73.75296752,1,0,1,1,1,1,1,0,5/1/2014,41760,5,14,1,4,FALSE
137086415,6/4/2014,22:49:00,10 PM,BRONX,FALSE,40.85712083,-73.8905134,1,1,0,1,1,1,0,0,6/1/2014,41791,6,14,1,4,FALSE
137142208,6/8/2014,0:53:00,12 AM,BROOKLYN,TRUE,40.68846609,-73.93763525,1,0,1,1,1,1,1,0,6/1/2014,41791,6,14,1,6,FALSE
137334597,6/19/2014,23:44:00,11 PM,MANHATTAN,TRUE,40.82171488,-73.95679661,1,0,1,1,1,1,1,0,6/1/2014,41791,6,14,1,4,FALSE
137371869,6/22/2014,1:05:00,1 AM,BRONX,TRUE,40.89235041,-73.85644167,1,0,1,1,1,1,1,0,6/1/2014,41791,6,14,1,6,FALSE
137480317,6/29/2014,3:27:00,3 AM,BROOKLYN,FALSE,40.67111178,-73.91356359,1,1,0,1,1,1,0,0,6/1/2014,41791,6,14,1,4,FALSE
137670655,7/11/2014,0:40:00,12 AM,QUEENS,FALSE,40.77196759,-73.93374001,1,1,0,1,1,1,1,1,7/1/2014,41821,7,14,1,4,FALSE
137741234,7/15/2014,2:26:00,2 AM,MANHATTAN,FALSE,40.80213862,-73.93905933,1,1,0,1,1,1,0,1,7/1/2014,41821,7,14,1,8,FALSE
138154766,8/10/2014,0:35:00,12 AM,BROOKLYN,TRUE,40.70396815,-73.9402065,1,0,1,1,1,1,1,0,8/1/2014,41852,8,14,1,4,FALSE
138255637,8/17/2014,5:58:00,5 AM,QUEENS,FALSE,40.68107927,-73.78871969,1,1,0,1,1,1,1,1,8/1/2014,41852,8,14,1,6,FALSE
138482242,8/29/2014,23:18:00,11 PM,BROOKLYN,FALSE,40.65782553,-73.90381912,1,1,0,1,1,1,0,0,8/1/2014,41852,8,14,1,4,FALSE
138496681,9/1/2014,3:30:00,3 AM,BROOKLYN,TRUE,40.66382459,-73.95241285,1,0,1,1,1,1,1,0,9/1/2014,41883,9,14,1,6,FALSE
138997051,10/2/2014,18:40:00,6 PM,MANHATTAN,TRUE,40.85699647,-73.92825093,1,0,1,1,1,1,1,1,10/1/2014,41913,10,14,1,12,FALSE
139033935,10/5/2014,3:45:00,3 AM,BRONX,TRUE,40.86311931,-73.89523912,1,0,1,1,1,1,1,0,10/1/2014,41913,10,14,1,4,FALSE
139136470,10/12/2014,1:10:00,1 AM,BRONX,FALSE,40.84575241,-73.92192393,1,1,0,1,1,1,1,1,10/1/2014,41913,10,14,1,4,FALSE
139446952,10/31/2014,4:00:00,4 AM,QUEENS,FALSE,40.74348126,-73.87400354,1,1,0,1,1,1,0,0,10/1/2014,41913,10,14,1,6,FALSE
139814858,11/24/2014,14:57:00,2 PM,QUEENS,TRUE,40.757665,-73.87532624,1,0,1,1,1,1,1,1,11/1/2014,41944,11,14,1,4,FALSE
139909804,12/1/2014,16:24:00,4 PM,BRONX,FALSE,40.85099954,-73.90989999,1,1,0,1,1,1,1,1,12/1/2014,41974,12,14,1,4,FALSE
140088780,12/5/2014,17:55:00,5 PM,QUEENS,FALSE,40.68004774,-73.7759092,1,1,0,1,1,1,0,1,12/1/2014,41974,12,14,1,8,FALSE
140088782,12/6/2014,17:23:00,5 PM,BRONX,TRUE,40.82915508,-73.91598956,1,0,1,1,1,1,1,1,12/1/2014,41974,12,14,1,5,TRUE
140105763,12/8/2014,16:15:00,4 PM,BRONX,FALSE,40.82738245,-73.91049159,1,1,0,1,1,1,0,0,12/1/2014,41974,12,14,1,4,FALSE
140186726,12/15/2014,0:30:00,12 AM,BROOKLYN,FALSE,40.63602906,-73.93354914,1,1,0,1,1,1,0,0,12/1/2014,41974,12,14,1,6,FALSE
140351125,12/29/2014,17:55:00,5 PM,BROOKLYN,FALSE,40.6643909,-73.88472164,1,1,0,1,1,1,0,0,12/1/2014,41974,12,14,1,4,FALSE
140435766,1/5/2015,22:32:00,10 PM,BRONX,FALSE,40.85746736,-73.8967575,1,1,0,1,1,1,1,1,1/1/2015,42005,1,15,1,4,FALSE
140452154,1/6/2015,22:05:00,10 PM,QUEENS,FALSE,40.66450565,-73.81112937,1,1,0,1,1,1,0,0,1/1/2015,42005,1,15,1,4,FALSE
140509775,1/11/2015,13:05:00,1 PM,BROOKLYN,FALSE,40.63321729,-73.92258713,1,1,0,1,1,1,0,0,1/1/2015,42005,1,15,1,4,FALSE
140628576,1/20/2015,14:48:00,2 PM,BROOKLYN,FALSE,40.71188962,-73.9414594,1,1,0,1,1,1,1,1,1/1/2015,42005,1,15,1,4,FALSE
140697084,1/24/2015,5:40:00,5 AM,QUEENS,TRUE,40.65561081,-73.75096735,1,0,1,1,1,1,1,0,1/1/2015,42005,1,15,1,6,FALSE
140791304,2/1/2015,23:16:00,11 PM,MANHATTAN,TRUE,40.82048711,-73.95494146,1,0,1,1,1,1,1,0,2/1/2015,42036,2,15,1,6,FALSE
141377721,3/13/2015,1:15:00,1 AM,BRONX,FALSE,40.90523864,-73.84557552,1,1,0,1,1,1,0,0,3/1/2015,42064,3,15,1,6,FALSE
141592103,3/23/2015,17:10:00,5 PM,BROOKLYN,FALSE,40.65505609,-73.95630266,1,1,0,1,1,1,1,1,3/1/2015,42064,3,15,1,4,FALSE
142091373,4/8/2015,21:01:00,9 PM,BRONX,TRUE,40.85626371,-73.90687688,1,0,1,1,1,1,1,0,4/1/2015,42095,4,15,1,4,FALSE
142472725,4/27/2015,20:27:00,8 PM,BROOKLYN,TRUE,40.63728372,-73.95238178,1,0,1,1,1,1,1,0,4/1/2015,42095,4,15,1,4,FALSE
142825465,5/11/2015,21:06:00,9 PM,BROOKLYN,TRUE,40.64927281,-73.92816461,1,0,1,1,1,1,1,0,5/1/2015,42125,5,15,1,4,FALSE
142858797,5/12/2015,14:29:00,2 PM,BROOKLYN,FALSE,40.68780802,-73.94335217,1,1,0,1,1,1,1,1,5/1/2015,42125,5,15,1,4,FALSE
142902648,5/14/2015,14:23:00,2 PM,BRONX,FALSE,40.85383719,-73.90898205,1,1,0,1,1,1,1,1,5/1/2015,42125,5,15,1,6,FALSE
142978753,5/17/2015,4:05:00,4 AM,QUEENS,TRUE,40.7091865,-73.81915607,1,0,1,1,1,1,1,0,5/1/2015,42125,5,15,1,4,FALSE
143187174,5/25/2015,20:58:00,8 PM,BROOKLYN,FALSE,40.66787949,-73.87921819,1,1,0,1,1,1,0,0,5/1/2015,42125,5,15,1,4,FALSE
143214816,5/26/2015,23:17:00,11 PM,BROOKLYN,FALSE,40.597318,-73.98537456,1,1,0,1,1,1,0,0,5/1/2015,42125,5,15,1,4,FALSE
143342678,5/30/2015,2:38:00,2 AM,QUEENS,TRUE,40.75544249,-73.94342212,1,0,1,1,1,1,1,0,5/1/2015,42125,5,15,1,4,FALSE
143522072,6/6/2015,4:33:00,4 AM,MANHATTAN,TRUE,40.78872009,-73.93999542,1,0,1,1,1,1,1,0,6/1/2015,42156,6,15,1,4,FALSE
143977249,6/25/2015,2:28:00,2 AM,BRONX,TRUE,40.840542,-73.86292215,1,0,1,1,1,1,1,0,6/1/2015,42156,6,15,1,4,FALSE
144101611,6/29/2015,22:46:00,10 PM,MANHATTAN,TRUE,40.82988338,-73.93675968,1,0,1,1,1,1,1,0,6/1/2015,42156,6,15,1,4,FALSE
145001700,8/2/2015,1:30:00,1 AM,BRONX,TRUE,40.8218896,-73.85926192,1,0,1,1,1,1,1,0,8/1/2015,42217,8,15,1,6,FALSE
144995934,8/2/2015,2:16:00,2 AM,BROOKLYN,FALSE,40.67141261,-73.88151014,1,1,0,1,1,1,1,1,8/1/2015,42217,8,15,1,4,FALSE
145192981,8/7/2015,18:29:00,6 PM,BROOKLYN,TRUE,40.63676231,-73.92057725,1,0,1,1,1,1,1,0,8/1/2015,42217,8,15,1,4,FALSE
145559208,8/22/2015,6:05:00,6 AM,BRONX,FALSE,40.86917258,-73.89022058,1,1,0,1,1,1,0,0,8/1/2015,42217,8,15,1,4,FALSE
145565707,8/23/2015,21:55:00,9 PM,BROOKLYN,TRUE,40.63463109,-73.95320131,1,0,1,1,1,1,1,0,8/1/2015,42217,8,15,1,4,FALSE
145691475,8/28/2015,1:54:00,1 AM,BROOKLYN,TRUE,40.65914597,-73.96054173,1,0,1,1,1,1,1,0,8/1/2015,42217,8,15,1,4,FALSE
146291686,9/19/2015,19:56:00,7 PM,BRONX,FALSE,40.8449101,-73.89009752,1,1,0,1,1,1,0,0,9/1/2015,42248,9,15,1,4,FALSE
146477560,9/26/2015,5:43:00,5 AM,MANHATTAN,TRUE,40.70998316,-73.99644292,1,0,1,1,1,1,1,1,9/1/2015,42248,9,15,1,4,FALSE
146462814,9/26/2015,21:50:00,9 PM,BRONX,FALSE,40.82736774,-73.90240604,1,1,0,1,1,1,1,1,9/1/2015,42248,9,15,1,4,FALSE
146723633,10/6/2015,7:57:00,7 AM,BROOKLYN,TRUE,40.70577652,-73.93100627,1,0,1,1,1,1,1,0,10/1/2015,42278,10,15,1,6,FALSE
146877501,10/12/2015,4:03:00,4 AM,MANHATTAN,FALSE,40.7395293,-73.98967524,1,1,0,1,1,1,0,0,10/1/2015,42278,10,15,1,6,FALSE
147275864,10/26/2015,18:09:00,6 PM,BROOKLYN,TRUE,40.6760829,-73.97165588,1,0,1,1,1,1,1,0,10/1/2015,42278,10,15,1,4,FALSE
147336443,10/28/2015,20:07:00,8 PM,MANHATTAN,TRUE,40.80038552,-73.95470201,1,0,1,1,1,1,1,0,10/1/2015,42278,10,15,1,4,FALSE
147609591,11/7/2015,6:20:00,6 AM,QUEENS,FALSE,40.70676194,-73.73256175,1,1,0,1,1,1,1,1,11/1/2015,42309,11,15,1,4,FALSE
147654906,11/9/2015,6:14:00,6 AM,MANHATTAN,TRUE,40.7528629,-73.99298133,1,0,1,1,1,1,1,1,11/1/2015,42309,11,15,1,8,FALSE
148087884,11/25/2015,20:49:00,8 PM,BRONX,FALSE,40.84231964,-73.88658905,1,1,0,1,1,1,1,1,11/1/2015,42309,11,15,1,4,FALSE
148275041,12/3/2015,17:05:00,5 PM,BROOKLYN,FALSE,40.65737599,-73.9237372,1,1,0,1,1,1,0,0,12/1/2015,42339,12,15,1,4,FALSE
148865203,12/24/2015,22:55:00,10 PM,BRONX,FALSE,40.85804593,-73.90410121,1,1,0,1,1,1,0,1,12/1/2015,42339,12,15,1,8,FALSE
149029624,12/28/2015,17:30:00,5 PM,BROOKLYN,TRUE,40.59516026,-73.93797985,1,0,1,1,1,1,1,1,12/1/2015,42339,12,15,1,4,FALSE
149231827,1/10/2016,22:06:00,10 PM,BROOKLYN,TRUE,40.67623247,-74.00694522,1,0,1,1,1,1,1,0,1/1/2016,42370,1,16,1,4,FALSE
149347432,1/13/2016,14:48:00,2 PM,BROOKLYN,FALSE,40.66475956,-73.89404214,1,1,0,1,1,1,0,0,1/1/2016,42370,1,16,1,4,FALSE
149856909,1/27/2016,10:50:00,10 AM,QUEENS,FALSE,40.59621351,-73.76469975,1,1,0,1,1,1,0,0,1/1/2016,42370,1,16,1,4,FALSE
151527036,3/24/2016,18:11:00,6 PM,STATEN ISLAND,TRUE,40.63348608,-74.16342538,1,0,1,1,1,1,1,0,3/1/2016,42430,3,16,1,4,FALSE
153210053,5/18/2016,19:35:00,7 PM,BROOKLYN,TRUE,40.64204376,-73.94960856,1,0,1,1,1,1,1,0,5/1/2016,42491,5,16,1,4,FALSE
153210392,5/18/2016,23:51:00,11 PM,BROOKLYN,TRUE,40.65561983,-73.91993716,1,0,1,1,1,1,1,0,5/1/2016,42491,5,16,1,4,FALSE
153415475,5/25/2016,22:15:00,10 PM,MANHATTAN,TRUE,40.73498392,-73.98805263,1,0,1,1,1,1,1,0,5/1/2016,42491,5,16,1,4,FALSE
153710640,6/5/2016,14:40:00,2 PM,BROOKLYN,FALSE,40.57680957,-73.98318272,1,1,0,1,1,1,1,1,6/1/2016,42522,6,16,1,4,FALSE
153916053,6/12/2016,2:58:00,2 AM,BROOKLYN,FALSE,40.67141261,-73.88151014,1,1,0,1,1,1,0,0,6/1/2016,42522,6,16,1,4,FALSE
154144626,6/18/2016,3:27:00,3 AM,BRONX,TRUE,40.82510036,-73.89485454,1,0,1,1,1,1,1,0,6/1/2016,42522,6,16,1,4,FALSE
154138077,6/19/2016,0:01:00,12 AM,BRONX,FALSE,40.84740149,-73.90462348,1,1,0,1,1,1,1,1,6/1/2016,42522,6,16,1,4,FALSE
155405171,8/2/2016,1:08:00,1 AM,BROOKLYN,TRUE,40.68470001,-73.9247455,1,0,1,1,1,1,1,0,8/1/2016,42583,8,16,1,4,FALSE
155640452,8/9/2016,21:03:00,9 PM,BRONX,FALSE,40.84241443,-73.88761012,1,1,0,1,1,1,0,0,8/1/2016,42583,8,16,1,4,FALSE
155775753,8/13/2016,2:28:00,2 AM,QUEENS,FALSE,40.69525901,-73.84156313,1,1,0,1,1,1,1,1,8/1/2016,42583,8,16,1,6,FALSE
155890467,8/17/2016,21:20:00,9 PM,BRONX,TRUE,40.83626611,-73.91132753,1,0,1,1,1,1,1,0,8/1/2016,42583,8,16,1,4,FALSE
155890469,8/17/2016,21:55:00,9 PM,BRONX,FALSE,40.8238758,-73.89186206,1,1,0,1,1,1,1,1,8/1/2016,42583,8,16,1,4,FALSE
156435308,9/3/2016,21:25:00,9 PM,QUEENS,FALSE,40.70284698,-73.81243048,1,1,0,1,1,1,0,0,9/1/2016,42614,9,16,1,4,FALSE
156435424,9/5/2016,3:49:00,3 AM,BROOKLYN,FALSE,40.6631334,-73.96243216,1,1,0,1,1,1,0,0,9/1/2016,42614,9,16,1,4,FALSE
157130894,9/28/2016,7:24:00,7 AM,BROOKLYN,FALSE,40.69313966,-73.94586086,1,1,0,1,1,1,0,0,9/1/2016,42614,9,16,1,4,FALSE
157251491,10/3/2016,12:54:00,12 PM,MANHATTAN,TRUE,40.84078292,-73.93625396,1,0,1,1,1,1,1,0,10/1/2016,42644,10,16,1,4,FALSE
158273233,11/4/2016,14:45:00,2 PM,BRONX,FALSE,40.83712987,-73.86719402,1,1,0,1,1,1,0,0,11/1/2016,42675,11,16,1,4,FALSE
159259635,12/11/2016,20:29:00,8 PM,BRONX,FALSE,40.84598359,-73.90746099,1,1,0,1,1,1,0,0,12/1/2016,42705,12,16,1,4,FALSE
159842970,1/2/2017,3:22:00,3 AM,QUEENS,FALSE,40.68667263,-73.81959956,1,1,0,1,1,1,0,0,1/1/2017,42736,1,17,1,4,FALSE
160071567,1/6/2017,17:36:00,5 PM,BRONX,FALSE,40.84047019,-73.87986845,1,1,0,1,1,1,0,0,1/1/2017,42736,1,17,1,4,FALSE
162097560,2/20/2017,14:50:00,2 PM,BROOKLYN,TRUE,40.65628454,-73.92602254,1,0,1,1,1,1,1,0,2/1/2017,42767,2,17,1,4,FALSE
163703970,4/11/2017,20:59:00,8 PM,BROOKLYN,TRUE,40.70926428,-73.94607974,1,0,1,1,1,1,1,0,4/1/2017,42826,4,17,1,4,FALSE
164301441,4/28/2017,12:29:00,12 PM,BROOKLYN,TRUE,40.70903123,-73.94091929,1,0,1,1,1,1,1,0,4/1/2017,42826,4,17,1,4,FALSE
164337368,5/1/2017,22:55:00,10 PM,BROOKLYN,TRUE,40.63548411,-73.89155934,1,0,1,1,1,1,1,0,5/1/2017,42856,5,17,1,4,FALSE
164781176,5/14/2017,8:30:00,8 AM,QUEENS,TRUE,40.6641665,-73.75168245,1,0,1,1,1,1,1,0,5/1/2017,42856,5,17,1,4,FALSE
165378832,5/31/2017,22:01:00,10 PM,BRONX,FALSE,40.859673,-73.90427939,1,1,0,1,1,1,1,1,5/1/2017,42856,5,17,1,4,FALSE
165720216,6/11/2017,0:10:00,12 AM,BROOKLYN,FALSE,40.6860997,-73.93866125,1,1,0,1,1,1,1,1,6/1/2017,42887,6,17,1,4,FALSE
166412374,6/24/2017,3:30:00,3 AM,QUEENS,FALSE,40.7583746,-73.86763349,1,1,0,1,1,1,1,1,6/1/2017,42887,6,17,1,4,FALSE
166429319,6/25/2017,18:13:00,6 PM,BRONX,TRUE,40.80963767,-73.89003655,1,0,1,1,1,1,1,0,6/1/2017,42887,6,17,1,4,FALSE
166660833,6/30/2017,14:54:00,2 PM,BRONX,TRUE,40.84376258,-73.91174606,1,0,1,1,1,1,1,1,6/1/2017,42887,6,17,1,10,FALSE
166741094,7/5/2017,3:38:00,3 AM,QUEENS,TRUE,40.69932784,-73.78648809,1,0,1,1,1,1,1,0,7/1/2017,42917,7,17,1,4,FALSE
166886664,7/7/2017,22:16:00,10 PM,BRONX,FALSE,40.87817098,-73.84444913,1,1,0,1,1,1,0,0,7/1/2017,42917,7,17,1,4,FALSE
167036161,7/14/2017,3:26:00,3 AM,BROOKLYN,FALSE,40.65319846,-73.96621467,1,1,0,1,1,1,0,0,7/1/2017,42917,7,17,1,4,FALSE
167835443,8/6/2017,3:40:00,3 AM,BRONX,FALSE,40.82338673,-73.87016977,1,1,0,1,1,1,1,1,8/1/2017,42948,8,17,1,4,FALSE
169761300,9/26/2017,17:56:00,5 PM,BRONX,FALSE,40.87111656,-73.89851887,1,1,0,1,1,1,0,0,9/1/2017,42979,9,17,1,4,FALSE
170184282,10/7/2017,1:40:00,1 AM,BROOKLYN,TRUE,40.68033401,-73.93842477,1,0,1,1,1,1,1,0,10/1/2017,43009,10,17,1,4,FALSE
170517783,10/17/2017,20:09:00,8 PM,BROOKLYN,FALSE,40.65146567,-73.95423619,1,1,0,1,1,1,1,1,10/1/2017,43009,10,17,1,4,FALSE
171081963,10/31/2017,21:00:00,9 PM,BRONX,TRUE,40.81636722,-73.86762586,1,0,1,1,1,1,1,0,10/1/2017,43009,10,17,1,4,FALSE
171292988,11/7/2017,4:21:00,4 AM,BROOKLYN,FALSE,40.57390898,-74.00049436,1,1,0,1,1,1,0,0,11/1/2017,43040,11,17,1,4,FALSE
171866986,11/21/2017,22:25:00,10 PM,BROOKLYN,FALSE,40.64436741,-73.87799278,1,1,0,1,1,1,0,0,11/1/2017,43040,11,17,1,4,FALSE
173354054,1/6/2018,21:05:00,9 PM,BRONX,FALSE,40.89969067,-73.85474762,1,1,0,1,1,1,0,1,1/1/2018,43101,1,18,1,18,FALSE
174146094,1/28/2018,5:10:00,5 AM,QUEENS,TRUE,40.66686508,-73.80424655,1,0,1,1,1,1,1,1,1/1/2018,43101,1,18,1,8,FALSE
175444212,3/3/2018,18:10:00,6 PM,BROOKLYN,TRUE,40.63469799,-73.92796728,1,0,1,1,1,1,1,0,3/1/2018,43160,3,18,1,4,FALSE
178202865,4/13/2018,21:03:00,9 PM,BRONX,TRUE,40.87512196,-73.90899654,1,0,1,1,1,1,1,0,4/1/2018,43191,4,18,1,4,FALSE
178393484,4/19/2018,19:11:00,7 PM,BROOKLYN,FALSE,40.67974271,-73.95139672,1,1,0,1,1,1,1,1,4/1/2018,43191,4,18,1,4,FALSE
178651739,4/26/2018,12:30:00,12 PM,BRONX,TRUE,40.83763656,-73.88932622,1,0,1,1,1,1,1,0,4/1/2018,43191,4,18,1,6,FALSE
178830278,5/1/2018,22:00:00,10 PM,BRONX,FALSE,40.82280356,-73.90032639,1,1,0,1,1,1,0,0,5/1/2018,43221,5,18,1,6,FALSE
183217904,5/28/2018,11:15:00,11 AM,QUEENS,TRUE,40.68133631,-73.83665246,1,0,1,1,1,1,1,0,5/1/2018,43221,5,18,1,4,FALSE
183690691,6/9/2018,22:20:00,10 PM,BRONX,FALSE,40.85128832,-73.88307274,1,1,0,1,1,1,0,0,6/1/2018,43252,6,18,1,4,FALSE
184396803,6/24/2018,23:02:00,11 PM,BROOKLYN,TRUE,40.6894643,-73.92402909,1,0,1,1,1,1,1,0,6/1/2018,43252,6,18,1,4,FALSE
185296322,7/17/2018,14:42:00,2 PM,BROOKLYN,TRUE,40.70371992,-73.93809863,1,0,1,1,1,1,1,0,7/1/2018,43282,7,18,1,4,FALSE
185671671,7/26/2018,18:34:00,6 PM,BROOKLYN,FALSE,40.69597833,-73.91336163,1,1,0,1,1,1,0,0,7/1/2018,43282,7,18,1,4,FALSE
186606592,8/18/2018,4:23:00,4 AM,BRONX,FALSE,40.86552949,-73.86008337,1,1,0,1,1,1,0,0,8/1/2018,43313,8,18,1,6,FALSE
186875651,8/25/2018,0:09:00,12 AM,MANHATTAN,TRUE,40.79199779,-73.94971897,1,0,1,1,1,1,1,0,8/1/2018,43313,8,18,1,6,FALSE
187175521,9/4/2018,3:57:00,3 AM,BROOKLYN,TRUE,40.69740026,-73.95130203,1,0,1,1,1,1,1,0,9/1/2018,43344,9,18,1,4,FALSE
187954071,9/21/2018,6:52:00,6 AM,QUEENS,TRUE,40.77170104,-73.89303981,1,0,1,1,1,1,1,0,9/1/2018,43344,9,18,1,4,FALSE
188862634,10/16/2018,19:50:00,7 PM,BRONX,FALSE,40.8235055,-73.86407777,1,1,0,1,1,1,1,1,10/1/2018,43374,10,18,1,4,FALSE
189136471,10/23/2018,10:15:00,10 AM,BRONX,TRUE,40.83665364,-73.90714487,1,0,1,1,1,1,1,0,10/1/2018,43374,10,18,1,4,FALSE
190245037,11/21/2018,1:25:00,1 AM,BRONX,TRUE,40.81973903,-73.9266795,1,0,1,1,1,1,1,1,11/1/2018,43405,11,18,1,8,FALSE
190950370,12/8/2018,3:47:00,3 AM,QUEENS,FALSE,40.69914925,-73.820911,1,1,0,1,1,1,1,1,12/1/2018,43435,12,18,1,8,FALSE
192978312,1/31/2019,0:15:00,12 AM,MANHATTAN,TRUE,40.83406955,-73.94294826,1,0,1,1,1,1,1,0,1/1/2019,43466,1,19,1,4,FALSE
193160952,2/4/2019,11:41:00,11 AM,BROOKLYN,TRUE,40.57916181,-74.00037111,1,0,1,1,1,1,1,0,2/1/2019,43497,2,19,1,4,FALSE
193267668,2/6/2019,22:26:00,10 PM,BROOKLYN,TRUE,40.67922493,-73.92797552,1,0,1,1,1,1,1,0,2/1/2019,43497,2,19,1,6,FALSE
193517125,2/12/2019,18:10:00,6 PM,QUEENS,FALSE,40.69433831,-73.826964,1,1,0,1,1,1,0,0,2/1/2019,43497,2,19,1,4,FALSE
197200331,5/14/2019,19:45:00,7 PM,MANHATTAN,FALSE,40.86300382,-73.92425452,1,1,0,1,1,1,1,1,5/1/2019,43586,5,19,1,4,FALSE
197254458,5/15/2019,19:08:00,7 PM,BRONX,FALSE,40.85537769,-73.90472772,1,1,0,1,1,1,1,1,5/1/2019,43586,5,19,1,4,FALSE
197660693,5/26/2019,5:21:00,5 AM,MANHATTAN,TRUE,40.78673087,-73.94113066,1,0,1,1,1,1,1,0,5/1/2019,43586,5,19,1,4,FALSE
197662446,5/26/2019,20:08:00,8 PM,BROOKLYN,TRUE,40.66649443,-73.88779209,1,0,1,1,1,1,1,0,5/1/2019,43586,5,19,1,6,FALSE
198171739,6/7/2019,0:15:00,12 AM,BRONX,TRUE,40.86940803,-73.85042437,1,0,1,1,1,1,1,0,6/1/2019,43617,6,19,1,4,FALSE
199247701,7/3/2019,0:04:00,12 AM,QUEENS,FALSE,40.75544249,-73.94342212,1,1,0,1,1,1,1,1,7/1/2019,43647,7,19,1,6,FALSE
200263247,7/25/2019,2:17:00,2 AM,QUEENS,FALSE,40.69182212,-73.75420689,1,1,0,1,1,1,1,1,7/1/2019,43647,7,19,1,4,FALSE
200331333,7/27/2019,22:53:00,10 PM,BROOKLYN,FALSE,40.65723661,-73.9007578,1,1,0,1,1,1,0,1,7/1/2019,43647,7,19,1,10,FALSE
200725654,8/5/2019,1:52:00,1 AM,BROOKLYN,FALSE,40.67117671,-73.92532966,1,1,0,1,1,1,1,1,8/1/2019,43678,8,19,1,4,FALSE
201858653,9/2/2019,2:57:00,2 AM,BROOKLYN,TRUE,40.63935419,-73.95537071,1,0,1,1,1,1,1,0,9/1/2019,43709,9,19,1,4,FALSE
201858654,9/2/2019,4:17:00,4 AM,QUEENS,TRUE,40.69761868,-73.82004576,1,0,1,1,1,1,1,0,9/1/2019,43709,9,19,1,4,FALSE
203041432,9/27/2019,20:03:00,8 PM,QUEENS,FALSE,40.59646224,-73.77246484,1,1,0,1,1,1,0,0,9/1/2019,43709,9,19,1,4,FALSE
203676928,10/12/2019,6:55:00,6 AM,BROOKLYN,FALSE,40.67621636,-73.9304215,1,1,0,1,1,1,0,1,10/1/2019,43739,10,19,1,12,FALSE
204464564,11/4/2019,13:40:00,1 PM,BRONX,FALSE,40.82078977,-73.91375938,1,1,0,1,1,1,0,0,11/1/2019,43770,11,19,1,4,FALSE
204971625,11/10/2019,14:03:00,2 PM,BROOKLYN,FALSE,40.62016205,-73.92700836,1,1,0,1,1,1,0,0,11/1/2019,43770,11,19,1,4,FALSE
205437642,11/20/2019,23:11:00,11 PM,BRONX,FALSE,40.83427204,-73.917109,1,1,0,1,1,1,0,0,11/1/2019,43770,11,19,1,4,FALSE
205748546,11/27/2019,15:54:00,3 PM,BRONX,FALSE,40.81869973,-73.91857062,1,1,0,1,1,1,1,1,11/1/2019,43770,11,19,1,4,FALSE
207824248,1/13/2020,3:51:00,3 AM,QUEENS,TRUE,40.75890238,-73.86119396,1,0,1,1,1,1,1,1,1/1/2020,43831,1,20,1,8,FALSE
208237500,1/20/2020,4:50:00,4 AM,MANHATTAN,TRUE,40.86413664,-73.91918043,1,0,1,1,1,1,1,1,1/1/2020,43831,1,20,1,8,FALSE
208437742,1/23/2020,14:00:00,2 PM,MANHATTAN,FALSE,40.82065354,-73.95636148,1,1,0,1,1,1,0,0,1/1/2020,43831,1,20,1,4,FALSE
210591724,3/5/2020,10:48:00,10 AM,MANHATTAN,FALSE,40.83610627,-73.93838044,1,1,0,1,1,1,1,1,3/1/2020,43891,3,20,1,4,FALSE
211362503,3/21/2020,0:13:00,12 AM,MANHATTAN,FALSE,40.75122181,-73.98044869,1,1,0,1,1,1,1,1,3/1/2020,43891,3,20,1,6,FALSE
212400207,4/25/2020,0:55:00,12 AM,MANHATTAN,FALSE,40.81974187,-73.93858121,1,1,0,1,1,1,0,0,4/1/2020,43922,4,20,1,4,FALSE
212640102,5/2/2020,15:18:00,3 PM,BRONX,TRUE,40.86436799,-73.86543972,1,0,1,1,1,1,1,1,5/1/2020,43952,5,20,1,12,FALSE
212944540,5/11/2020,17:06:00,5 PM,STATEN ISLAND,FALSE,40.6312272,-74.1652854,1,1,0,1,1,1,0,0,5/1/2020,43952,5,20,1,6,FALSE
213099073,5/14/2020,1:03:00,1 AM,QUEENS,TRUE,40.5873465,-73.81304854,1,0,1,1,1,1,1,1,5/1/2020,43952,5,20,1,8,FALSE
213187656,5/16/2020,0:50:00,12 AM,QUEENS,FALSE,40.69578133,-73.7906687,1,1,0,1,1,1,0,0,5/1/2020,43952,5,20,1,4,FALSE
213471601,5/22/2020,21:45:00,9 PM,BROOKLYN,TRUE,40.66354513,-73.88984755,1,0,1,1,1,1,1,0,5/1/2020,43952,5,20,1,4,FALSE
213748381,6/1/2020,14:33:00,2 PM,QUEENS,FALSE,40.6757707,-73.75876213,1,1,0,1,1,1,0,0,6/1/2020,43983,6,20,1,4,FALSE
213819785,6/3/2020,16:55:00,4 PM,BRONX,FALSE,40.8161219,-73.8977578,1,1,0,1,1,1,1,1,6/1/2020,43983,6,20,1,4,FALSE
213974312,6/8/2020,22:40:00,10 PM,BROOKLYN,FALSE,40.65844258,-73.9097922,1,1,0,1,1,1,1,1,6/1/2020,43983,6,20,1,4,FALSE
214183639,6/12/2020,23:00:00,11 PM,BRONX,FALSE,40.88907804,-73.86444507,1,1,0,1,1,1,0,0,6/1/2020,43983,6,20,1,6,FALSE
214430791,6/19/2020,16:13:00,4 PM,BROOKLYN,FALSE,40.65838017,-73.88618497,1,1,0,1,1,1,0,0,6/1/2020,43983,6,20,1,4,FALSE
214690556,6/26/2020,0:30:00,12 AM,MANHATTAN,TRUE,40.74376639,-73.98797167,1,0,1,1,1,1,1,0,6/1/2020,43983,6,20,1,4,FALSE
214874082,7/2/2020,18:41:00,6 PM,BROOKLYN,TRUE,40.65734561,-73.90319584,1,0,1,1,1,1,1,0,7/1/2020,44013,7,20,1,4,FALSE
214948383,7/5/2020,3:20:00,3 AM,MANHATTAN,FALSE,40.86291984,-73.92281505,1,1,0,1,1,1,1,1,7/1/2020,44013,7,20,1,5,TRUE
214948382,7/5/2020,4:22:00,4 AM,BROOKLYN,TRUE,40.64031904,-73.93979039,1,0,1,1,1,1,1,0,7/1/2020,44013,7,20,1,4,FALSE
214948377,7/5/2020,20:01:00,8 PM,BRONX,TRUE,40.83855082,-73.90939779,1,0,1,1,1,1,1,0,7/1/2020,44013,7,20,1,4,FALSE
215034244,7/7/2020,21:28:00,9 PM,BROOKLYN,TRUE,40.6675324,-73.86424962,1,0,1,1,1,1,1,1,7/1/2020,44013,7,20,1,12,FALSE
215133413,7/9/2020,3:22:00,3 AM,MANHATTAN,FALSE,40.79792604,-73.96384775,1,1,0,1,1,1,0,0,7/1/2020,44013,7,20,1,4,FALSE
215223442,7/12/2020,23:30:00,11 PM,BROOKLYN,FALSE,40.68593572,-73.94007844,1,1,0,1,1,1,0,0,7/1/2020,44013,7,20,1,4,FALSE
215350645,7/15/2020,2:10:00,2 AM,BROOKLYN,TRUE,40.67225108,-73.96103191,1,0,1,1,1,1,1,0,7/1/2020,44013,7,20,1,4,FALSE
215776719,7/26/2020,5:43:00,5 AM,BRONX,FALSE,40.85071487,-73.8841997,1,1,0,1,1,1,0,0,7/1/2020,44013,7,20,1,4,FALSE
215776333,7/26/2020,18:38:00,6 PM,BROOKLYN,TRUE,40.67824193,-73.89550925,1,0,1,1,1,1,1,1,7/1/2020,44013,7,20,1,12,FALSE
216104440,8/3/2020,20:12:00,8 PM,BRONX,FALSE,40.81035186,-73.92494233,1,1,0,1,1,1,1,1,8/1/2020,44044,8,20,1,4,FALSE
216263383,8/6/2020,22:48:00,10 PM,BROOKLYN,FALSE,40.64633159,-73.95865564,1,1,0,1,1,1,0,0,8/1/2020,44044,8,20,1,4,FALSE
216401363,8/10/2020,15:20:00,3 PM,STATEN ISLAND,FALSE,40.6312272,-74.1652854,1,1,0,1,1,1,1,1,8/1/2020,44044,8,20,1,4,FALSE
216745338,8/18/2020,16:45:00,4 PM,QUEENS,FALSE,40.7594507,-73.93357514,1,1,0,1,1,1,1,1,8/1/2020,44044,8,20,1,4,FALSE
216796484,8/19/2020,15:53:00,3 PM,BROOKLYN,TRUE,40.6536302,-73.96167933,1,0,1,1,1,1,1,0,8/1/2020,44044,8,20,1,4,FALSE
216936948,8/21/2020,2:10:00,2 AM,BRONX,TRUE,40.8460207,-73.88838021,1,0,1,1,1,1,1,0,8/1/2020,44044,8,20,1,6,FALSE
216935791,8/23/2020,23:36:00,11 PM,BROOKLYN,FALSE,40.6407842,-73.95724075,1,1,0,1,1,1,1,1,8/1/2020,44044,8,20,1,4,FALSE
217218948,8/28/2020,20:58:00,8 PM,BRONX,FALSE,40.83535375,-73.88475224,1,1,0,1,1,1,0,0,8/1/2020,44044,8,20,1,6,FALSE
217218954,8/29/2020,3:27:00,3 AM,BRONX,TRUE,40.82774448,-73.90438223,1,0,1,1,1,1,1,0,8/1/2020,44044,8,20,1,4,FALSE
217540562,9/7/2020,2:49:00,2 AM,BROOKLYN,FALSE,40.6662965,-73.95083789,1,1,0,1,1,1,1,1,9/1/2020,44075,9,20,1,4,FALSE
217560412,9/8/2020,13:50:00,1 PM,QUEENS,TRUE,40.5988749,-73.76382253,1,0,1,1,1,1,1,0,9/1/2020,44075,9,20,1,4,FALSE
217704610,9/10/2020,1:39:00,1 AM,BROOKLYN,FALSE,40.66646531,-73.90410472,1,1,0,1,1,1,0,0,9/1/2020,44075,9,20,1,6,FALSE
217778055,9/12/2020,1:33:00,1 AM,BRONX,FALSE,40.8228608,-73.91916462,1,1,0,1,1,1,0,0,9/1/2020,44075,9,20,1,4,FALSE
218567380,9/30/2020,1:52:00,1 AM,BROOKLYN,FALSE,40.58030358,-73.98439908,1,1,0,1,1,1,0,0,9/1/2020,44075,9,20,1,4,FALSE
218904136,10/7/2020,22:41:00,10 PM,BROOKLYN,TRUE,40.65662373,-73.90499174,1,0,1,1,1,1,1,0,10/1/2020,44105,10,20,1,4,FALSE
219402624,10/19/2020,7:03:00,7 AM,BRONX,TRUE,40.86012363,-73.90282885,1,0,1,1,1,1,1,0,10/1/2020,44105,10,20,1,6,FALSE
219559166,10/21/2020,22:18:00,10 PM,BROOKLYN,TRUE,40.65775742,-73.95177383,1,0,1,1,1,1,1,0,10/1/2020,44105,10,20,1,6,FALSE
220122287,11/4/2020,23:15:00,11 PM,BRONX,FALSE,40.86370036,-73.9057256,1,1,0,1,1,1,1,1,11/1/2020,44136,11,20,1,4,FALSE
220229020,11/7/2020,14:58:00,2 PM,BROOKLYN,FALSE,40.63795046,-73.89643056,1,1,0,1,1,1,1,1,11/1/2020,44136,11,20,1,4,FALSE
220411600,11/12/2020,1:30:00,1 AM,QUEENS,FALSE,40.68357426,-73.73089702,1,1,0,1,1,1,0,0,11/1/2020,44136,11,20,1,4,FALSE
220870735,11/22/2020,23:15:00,11 PM,BROOKLYN,FALSE,40.68033401,-73.93842477,1,1,0,1,1,1,0,1,11/1/2020,44136,11,20,1,8,FALSE
222563766,1/3/2021,21:21:00,9 PM,BRONX,FALSE,40.81269914,-73.92161974,1,1,0,1,1,1,0,0,1/1/2021,44197,1,21,1,4,FALSE
222932692,1/11/2021,23:49:00,11 PM,BRONX,FALSE,40.88708919,-73.86778567,1,1,0,1,1,1,0,1,1/1/2021,44197,1,21,1,8,FALSE
223198985,1/16/2021,12:39:00,12 PM,MANHATTAN,FALSE,40.82621698,-73.94010027,1,1,0,1,1,1,0,0,1/1/2021,44197,1,21,1,4,FALSE
224465137,2/16/2021,20:48:00,8 PM,BRONX,FALSE,40.84416759,-73.91430352,1,1,0,1,1,1,0,0,2/1/2021,44228,2,21,1,4,FALSE
225295736,3/7/2021,6:15:00,6 AM,BROOKLYN,TRUE,40.68225682,-73.86933111,1,0,1,1,1,1,1,1,3/1/2021,44256,3,21,1,8,FALSE
225601140,3/13/2021,3:50:00,3 AM,BROOKLYN,FALSE,40.70211956,-73.93616159,1,1,0,1,1,1,1,1,3/1/2021,44256,3,21,1,5,TRUE
225620486,3/13/2021,10:15:00,10 AM,BROOKLYN,TRUE,40.63964595,-73.91532284,1,0,1,1,1,1,1,0,3/1/2021,44256,3,21,1,4,FALSE
225602529,3/14/2021,5:00:00,5 AM,BRONX,FALSE,40.83784212,-73.91962775,1,1,0,1,1,1,1,1,3/1/2021,44256,3,21,1,4,FALSE
225779049,3/17/2021,22:09:00,10 PM,BRONX,TRUE,40.87778871,-73.8738322,1,0,1,1,1,1,1,1,3/1/2021,44256,3,21,1,4,FALSE
226503935,4/3/2021,18:23:00,6 PM,BRONX,FALSE,40.82998817,-73.91398934,1,1,0,1,1,1,0,0,4/1/2021,44287,4,21,1,4,FALSE
226503934,4/4/2021,21:05:00,9 PM,BRONX,TRUE,40.850416,-73.89303433,1,0,1,1,1,1,1,0,4/1/2021,44287,4,21,1,4,FALSE
226542152,4/5/2021,22:10:00,10 PM,BRONX,TRUE,40.83749898,-73.92785342,1,0,1,1,1,1,1,0,4/1/2021,44287,4,21,1,4,FALSE
227182807,4/21/2021,1:15:00,1 AM,MANHATTAN,TRUE,40.86408585,-73.91800528,1,0,1,1,1,1,1,0,4/1/2021,44287,4,21,1,4,FALSE
227344212,4/25/2021,17:32:00,5 PM,BROOKLYN,FALSE,40.67470324,-74.00292517,1,1,0,1,1,1,0,0,4/1/2021,44287,4,21,1,4,FALSE
227431725,4/27/2021,18:15:00,6 PM,BRONX,FALSE,40.88202341,-73.86620094,1,1,0,1,1,1,0,0,4/1/2021,44287,4,21,1,4,FALSE
227950650,5/6/2021,23:28:00,11 PM,BRONX,FALSE,40.83576922,-73.90439442,1,1,0,1,1,1,0,0,5/1/2021,44317,5,21,1,6,FALSE
227987578,5/10/2021,23:32:00,11 PM,BROOKLYN,TRUE,40.66520902,-73.87940686,1,0,1,1,1,1,1,1,5/1/2021,44317,5,21,1,4,FALSE
228062046,5/12/2021,4:53:00,4 AM,BRONX,TRUE,40.84639841,-73.91719577,1,0,1,1,1,1,1,0,5/1/2021,44317,5,21,1,4,FALSE
228109390,5/12/2021,23:11:00,11 PM,BROOKLYN,FALSE,40.6882208,-73.9198117,1,1,0,1,1,1,0,0,5/1/2021,44317,5,21,1,4,FALSE
228262995,5/15/2021,21:07:00,9 PM,BRONX,FALSE,40.84144808,-73.90445131,1,1,0,1,1,1,0,1,5/1/2021,44317,5,21,1,8,FALSE
228367829,5/18/2021,23:27:00,11 PM,BRONX,FALSE,40.80877794,-73.9231307,1,1,0,1,1,1,0,0,5/1/2021,44317,5,21,1,4,FALSE
228918111,5/31/2021,19:50:00,7 PM,BROOKLYN,FALSE,40.69362563,-73.90922848,1,1,0,1,1,1,1,1,5/1/2021,44317,5,21,1,8,FALSE
228917763,5/31/2021,22:29:00,10 PM,MANHATTAN,FALSE,40.80308081,-73.93837286,1,1,0,1,1,1,0,0,5/1/2021,44317,5,21,1,4,FALSE
229091710,6/3/2021,23:30:00,11 PM,BROOKLYN,FALSE,40.70223092,-73.94447824,1,1,0,1,1,1,1,1,6/1/2021,44348,6,21,1,4,FALSE
229188687,6/5/2021,21:30:00,9 PM,QUEENS,TRUE,40.59497489,-73.77648276,1,0,1,1,1,1,1,0,6/1/2021,44348,6,21,1,4,FALSE
229188686,6/6/2021,2:00:00,2 AM,BRONX,TRUE,40.86141318,-73.89510262,1,0,1,1,1,1,1,1,6/1/2021,44348,6,21,1,4,FALSE
229507546,6/12/2021,14:24:00,2 PM,BRONX,TRUE,40.82488497,-73.89945994,1,0,1,1,1,1,1,0,6/1/2021,44348,6,21,1,4,FALSE
229643172,6/16/2021,23:22:00,11 PM,BRONX,TRUE,40.86414065,-73.89131304,1,0,1,1,1,1,1,1,6/1/2021,44348,6,21,1,8,FALSE
230418795,7/2/2021,19:34:00,7 PM,BRONX,TRUE,40.82050584,-73.89491419,1,0,1,1,1,1,1,0,7/1/2021,44378,7,21,1,4,FALSE
230418793,7/2/2021,23:13:00,11 PM,BRONX,FALSE,40.88584268,-73.85818262,1,1,0,1,1,1,1,1,7/1/2021,44378,7,21,1,4,FALSE
230448647,7/4/2021,4:17:00,4 AM,BRONX,FALSE,40.8335617,-73.89113894,1,1,0,1,1,1,0,0,7/1/2021,44378,7,21,1,4,FALSE
230717903,7/11/2021,1:09:00,1 AM,BROOKLYN,FALSE,40.68114496,-73.95566904,1,1,0,1,1,1,1,1,7/1/2021,44378,7,21,1,4,FALSE
231246225,7/22/2021,6:32:00,6 AM,MANHATTAN,TRUE,40.86475888,-73.92282738,1,0,1,1,1,1,1,1,7/1/2021,44378,7,21,1,5,TRUE
231637053,7/31/2021,22:36:00,10 PM,QUEENS,FALSE,40.75226897,-73.86820845,1,1,0,1,1,1,1,1,7/1/2021,44378,7,21,1,7,TRUE
231965177,8/7/2021,2:44:00,2 AM,BROOKLYN,TRUE,40.66767454,-73.9214477,1,0,1,1,1,1,1,0,8/1/2021,44409,8,21,1,4,FALSE
231965060,8/7/2021,23:18:00,11 PM,BROOKLYN,TRUE,40.6625138,-73.8934654,1,0,1,1,1,1,1,0,8/1/2021,44409,8,21,1,4,FALSE
231965179,8/8/2021,0:30:00,12 AM,BROOKLYN,FALSE,40.65530431,-73.88878085,1,1,0,1,1,1,0,0,8/1/2021,44409,8,21,1,4,FALSE
232193235,8/13/2021,1:00:00,1 AM,QUEENS,TRUE,40.76085005,-73.82925307,1,0,1,1,1,1,1,0,8/1/2021,44409,8,21,1,4,FALSE
232291899,8/14/2021,4:11:00,4 AM,BRONX,TRUE,40.84932069,-73.91235948,1,0,1,1,1,1,1,0,8/1/2021,44409,8,21,1,4,FALSE
232331294,8/16/2021,0:30:00,12 AM,BROOKLYN,FALSE,40.6767774,-73.8894841,1,1,0,1,1,1,0,0,8/1/2021,44409,8,21,1,4,FALSE
232390407,8/17/2021,13:00:00,1 PM,BRONX,FALSE,40.81229282,-73.88542618,1,1,0,1,1,1,0,1,8/1/2021,44409,8,21,1,8,FALSE
232496781,8/19/2021,20:32:00,8 PM,BROOKLYN,TRUE,40.67036246,-73.92679774,1,0,1,1,1,1,1,1,8/1/2021,44409,8,21,1,8,FALSE
232733684,8/25/2021,23:16:00,11 PM,MANHATTAN,FALSE,40.80084632,-73.94903008,1,1,0,1,1,1,1,1,8/1/2021,44409,8,21,1,4,FALSE
232888017,8/29/2021,17:44:00,5 PM,QUEENS,TRUE,40.68010418,-73.84045622,1,0,1,1,1,1,1,0,8/1/2021,44409,8,21,1,4,FALSE
233080845,9/2/2021,17:42:00,5 PM,BRONX,FALSE,40.82208253,-73.89033033,1,1,0,1,1,1,1,1,9/1/2021,44440,9,21,1,4,FALSE
233172873,9/3/2021,19:08:00,7 PM,BRONX,FALSE,40.83500918,-73.85469888,1,1,0,1,1,1,0,0,9/1/2021,44440,9,21,1,4,FALSE
233173932,9/4/2021,3:28:00,3 AM,BRONX,FALSE,40.88262959,-73.8267054,1,1,0,1,1,1,0,0,9/1/2021,44440,9,21,1,4,FALSE
233149851,9/4/2021,20:18:00,8 PM,MANHATTAN,FALSE,40.81426765,-73.94818529,1,1,0,1,1,1,0,1,9/1/2021,44440,9,21,1,8,FALSE
233172869,9/5/2021,4:20:00,4 AM,BRONX,FALSE,40.90666838,-73.84876479,1,1,0,1,1,1,1,1,9/1/2021,44440,9,21,1,4,FALSE
233307769,9/8/2021,23:48:00,11 PM,BRONX,FALSE,40.86071698,-73.89925032,1,1,0,1,1,1,1,1,9/1/2021,44440,9,21,1,4,FALSE
233459106,9/10/2021,17:35:00,5 PM,BROOKLYN,TRUE,40.68933015,-73.94968145,1,0,1,1,1,1,1,0,9/1/2021,44440,9,21,1,4,FALSE
233790860,9/18/2021,23:17:00,11 PM,BRONX,FALSE,40.84263778,-73.90596033,1,1,0,1,1,1,0,0,9/1/2021,44440,9,21,1,6,FALSE
233828558,9/20/2021,19:30:00,7 PM,BRONX,TRUE,40.82580038,-73.86345589,1,0,1,1,1,1,1,0,9/1/2021,44440,9,21,1,4,FALSE
234101078,9/26/2021,22:31:00,10 PM,BRONX,FALSE,40.83462336,-73.92076636,1,1,0,1,1,1,1,1,9/1/2021,44440,9,21,1,4,FALSE
234268729,9/29/2021,12:50:00,12 PM,BRONX,FALSE,40.85350696,-73.8822031,1,1,0,1,1,1,0,1,9/1/2021,44440,9,21,1,8,FALSE
234756219,10/9/2021,16:24:00,4 PM,MANHATTAN,FALSE,40.8066675,-73.954686,1,1,0,1,1,1,1,1,10/1/2021,44470,10,21,1,6,FALSE
235033374,10/15/2021,20:30:00,8 PM,MANHATTAN,FALSE,40.71801219,-73.98658542,1,1,0,1,1,1,0,0,10/1/2021,44470,10,21,1,4,FALSE
235740735,10/31/2021,0:50:00,12 AM,BRONX,FALSE,40.86957647,-73.8594864,1,1,0,1,1,1,0,0,10/1/2021,44470,10,21,1,6,FALSE
235757726,10/31/2021,14:24:00,2 PM,BROOKLYN,FALSE,40.69472816,-73.94182675,1,1,0,1,1,1,0,0,10/1/2021,44470,10,21,1,4,FALSE
236254076,11/13/2021,16:59:00,4 PM,BRONX,FALSE,40.84158461,-73.91778364,1,1,0,1,1,1,0,0,11/1/2021,44501,11,21,1,4,FALSE
236363733,11/16/2021,22:39:00,10 PM,MANHATTAN,FALSE,40.75164613,-73.98433731,1,1,0,1,1,1,1,1,11/1/2021,44501,11,21,1,6,FALSE
236403182,11/17/2021,17:06:00,5 PM,BRONX,TRUE,40.87137556,-73.86286333,1,0,1,1,1,1,1,1,11/1/2021,44501,11,21,1,8,FALSE
237290043,12/3/2021,2:25:00,2 AM,BROOKLYN,FALSE,40.58045253,-73.96397986,1,1,0,1,1,1,0,0,12/1/2021,44531,12,21,1,6,FALSE
237392756,12/5/2021,22:16:00,10 PM,BRONX,FALSE,40.84196981,-73.91529663,1,1,0,1,1,1,0,0,12/1/2021,44531,12,21,1,4,FALSE
238040458,12/17/2021,20:59:00,8 PM,MANHATTAN,TRUE,40.86745882,-73.92571668,1,0,1,1,1,1,1,0,12/1/2021,44531,12,21,1,4,FALSE
238004075,12/17/2021,22:13:00,10 PM,BROOKLYN,FALSE,40.6456472,-73.90287589,1,1,0,1,1,1,0,0,12/1/2021,44531,12,21,1,4,FALSE
238238212,12/23/2021,4:05:00,4 AM,QUEENS,FALSE,40.76974372,-73.90987205,1,1,0,1,1,1,0,0,12/1/2021,44531,12,21,1,6,FALSE
238344523,12/27/2021,20:04:00,8 PM,QUEENS,TRUE,40.75099771,-73.87270083,1,0,1,1,1,1,1,0,12/1/2021,44531,12,21,1,4,FALSE
239123816,1/13/2022,3:46:00,3 AM,BROOKLYN,FALSE,40.644458,-73.90854,1,1,0,1,1,1,0,0,1/1/2022,44562,1,22,1,6,FALSE
239993170,2/1/2022,11:10:00,11 AM,MANHATTAN,TRUE,40.789323,-73.946316,1,0,1,1,1,1,1,0,2/1/2022,44593,2,22,1,4,FALSE
240254036,2/7/2022,16:10:00,4 PM,BRONX,FALSE,40.804487,-73.914084,1,1,0,1,1,1,0,0,2/1/2022,44593,2,22,1,4,FALSE
240438094,2/10/2022,14:28:00,2 PM,BROOKLYN,TRUE,40.658126,-73.916026,1,0,1,1,1,1,1,0,2/1/2022,44593,2,22,1,4,FALSE
240529312,2/12/2022,22:54:00,10 PM,BRONX,TRUE,40.866279,-73.886199,1,0,1,1,1,1,1,1,2/1/2022,44593,2,22,1,4,FALSE
241326152,2/27/2022,8:19:00,8 AM,MANHATTAN,FALSE,40.815057,-73.935946,1,1,0,1,1,1,0,1,2/1/2022,44593,2,22,1,8,FALSE
241569061,3/3/2022,16:00:00,4 PM,QUEENS,FALSE,40.69629,-73.744088,1,1,0,1,1,1,1,1,3/1/2022,44621,3,22,1,4,FALSE
241640926,3/5/2022,1:52:00,1 AM,STATEN ISLAND,FALSE,40.62318838,-74.14923769,1,1,0,1,1,1,1,1,3/1/2022,44621,3,22,1,4,FALSE
242928614,3/31/2022,19:49:00,7 PM,BROOKLYN,TRUE,40.64885075,-73.95101651,1,0,1,1,1,1,1,0,3/1/2022,44621,3,22,1,4,FALSE
243433247,4/8/2022,13:39:00,1 PM,BRONX,TRUE,40.819542,-73.911486,1,0,1,1,1,1,1,0,4/1/2022,44652,4,22,1,4,FALSE
243251040,4/9/2022,0:55:00,12 AM,BROOKLYN,FALSE,40.676019,-73.948531,1,1,0,1,1,1,0,0,4/1/2022,44652,4,22,1,4,FALSE
243566417,4/12/2022,8:26:00,8 AM,BROOKLYN,FALSE,40.65815775,-74.00044115,1,1,0,1,1,1,1,1,4/1/2022,44652,4,22,1,7,TRUE
243566423,4/12/2022,19:43:00,7 PM,BRONX,TRUE,40.845658,-73.883806,1,0,1,1,1,1,1,0,4/1/2022,44652,4,22,1,4,FALSE
243566884,4/12/2022,22:08:00,10 PM,BRONX,TRUE,40.86658962,-73.86832754,1,0,1,1,1,1,1,0,4/1/2022,44652,4,22,1,4,FALSE
244106023,4/23/2022,19:40:00,7 PM,BRONX,FALSE,40.8445883,-73.90484654,1,1,0,1,1,1,0,1,4/1/2022,44652,4,22,1,8,FALSE
244106024,4/24/2022,13:30:00,1 PM,BROOKLYN,TRUE,40.677966,-73.892125,1,0,1,1,1,1,1,0,4/1/2022,44652,4,22,1,4,FALSE
244279285,4/27/2022,16:10:00,4 PM,QUEENS,FALSE,40.737162,-73.78493,1,1,0,1,1,1,1,1,4/1/2022,44652,4,22,1,6,FALSE
244513744,5/3/2022,0:46:00,12 AM,BRONX,TRUE,40.853645,-73.906891,1,0,1,1,1,1,1,0,5/1/2022,44682,5,22,1,4,FALSE
244590017,5/4/2022,23:49:00,11 PM,BRONX,FALSE,40.83706523,-73.88682041,1,1,0,1,1,1,1,1,5/1/2022,44682,5,22,1,4,FALSE
244608249,5/5/2022,0:10:00,12 AM,MANHATTAN,TRUE,40.754692,-73.9935,1,0,1,1,1,1,1,1,5/1/2022,44682,5,22,1,6,FALSE
244726795,5/6/2022,21:33:00,9 PM,BROOKLYN,TRUE,40.656968,-73.90846,1,0,1,1,1,1,1,0,5/1/2022,44682,5,22,1,4,FALSE
244818448,5/9/2022,8:16:00,8 AM,QUEENS,FALSE,40.708721,-73.898228,1,1,0,1,1,1,0,0,5/1/2022,44682,5,22,1,4,FALSE
245106711,5/15/2022,19:42:00,7 PM,BRONX,FALSE,40.819019,-73.898391,1,1,0,1,1,1,0,0,5/1/2022,44682,5,22,1,4,FALSE
245121729,5/16/2022,0:15:00,12 AM,MANHATTAN,FALSE,40.711331,-73.992223,1,1,0,1,1,1,1,1,5/1/2022,44682,5,22,1,6,FALSE
245665380,5/25/2022,18:53:00,6 PM,BROOKLYN,FALSE,40.656574,-73.931405,1,1,0,1,1,1,0,0,5/1/2022,44682,5,22,1,4,FALSE
246109874,6/4/2022,2:10:00,2 AM,MANHATTAN,FALSE,40.809638,-73.942015,1,1,0,1,1,1,1,1,6/1/2022,44713,6,22,1,4,FALSE
246769431,6/16/2022,13:05:00,1 PM,BROOKLYN,TRUE,40.694256,-73.932807,1,0,1,1,1,1,1,0,6/1/2022,44713,6,22,1,4,FALSE
246884942,6/20/2022,0:36:00,12 AM,MANHATTAN,FALSE,40.80093037,-73.94109824,1,1,0,1,1,1,0,1,6/1/2022,44713,6,22,1,10,FALSE
247172991,6/25/2022,23:22:00,11 PM,BROOKLYN,FALSE,40.689129,-73.931787,1,1,0,1,1,1,1,1,6/1/2022,44713,6,22,1,4,FALSE
247492011,7/2/2022,21:39:00,9 PM,QUEENS,TRUE,40.699576,-73.82169,1,0,1,1,1,1,1,1,7/1/2022,44743,7,22,1,8,FALSE
247542571,7/4/2022,22:20:00,10 PM,BRONX,FALSE,40.854402,-73.88233,1,1,0,1,1,1,0,0,7/1/2022,44743,7,22,1,6,FALSE
248157399,7/17/2022,20:10:00,8 PM,BROOKLYN,FALSE,40.6625545,-73.9089197,1,1,0,1,1,1,1,1,7/1/2022,44743,7,22,1,4,FALSE
248435789,7/23/2022,2:02:00,2 AM,MANHATTAN,FALSE,40.786582,-73.940798,1,1,0,1,1,1,1,1,7/1/2022,44743,7,22,1,4,FALSE
248668760,7/27/2022,4:08:00,4 AM,BRONX,TRUE,40.85403,-73.884044,1,0,1,1,1,1,1,1,7/1/2022,44743,7,22,1,4,FALSE
248893549,8/1/2022,21:29:00,9 PM,QUEENS,FALSE,40.596248,-73.797515,1,1,0,1,1,1,0,0,8/1/2022,44774,8,22,1,4,FALSE
249193492,8/7/2022,18:14:00,6 PM,QUEENS,FALSE,40.65572597,-73.75129439,1,1,0,1,1,1,0,0,8/1/2022,44774,8,22,1,4,FALSE
249207672,8/8/2022,4:20:00,4 AM,MANHATTAN,FALSE,40.777638,-73.982369,1,1,0,1,1,1,1,1,8/1/2022,44774,8,22,1,5,TRUE
250216145,8/27/2022,0:21:00,12 AM,BRONX,FALSE,40.837683,-73.910994,1,1,0,1,1,1,0,0,8/1/2022,44774,8,22,1,4,FALSE
250250607,8/27/2022,3:50:00,3 AM,BRONX,FALSE,40.852951,-73.903178,1,1,0,1,1,1,0,0,8/1/2022,44774,8,22,1,6,FALSE
250249866,8/27/2022,23:57:00,11 PM,BROOKLYN,FALSE,40.572196,-73.994815,1,1,0,1,1,1,0,1,8/1/2022,44774,8,22,1,8,FALSE
250551052,9/2/2022,20:35:00,8 PM,BROOKLYN,FALSE,40.728417,-73.944962,1,1,0,1,1,1,1,1,9/1/2022,44805,9,22,1,4,FALSE
251103213,9/14/2022,20:38:00,8 PM,BRONX,FALSE,40.894872,-73.882173,1,1,0,1,1,1,1,1,9/1/2022,44805,9,22,1,4,FALSE
251216080,9/17/2022,2:41:00,2 AM,BROOKLYN,FALSE,40.634386,-73.941524,1,1,0,1,1,1,0,0,9/1/2022,44805,9,22,1,4,FALSE
251391939,9/21/2022,5:54:00,5 AM,STATEN ISLAND,FALSE,40.612606,-74.083121,1,1,0,1,1,1,0,0,9/1/2022,44805,9,22,1,4,FALSE
251583517,9/25/2022,3:26:00,3 AM,BROOKLYN,FALSE,40.679236,-73.886871,1,1,0,1,1,1,0,0,9/1/2022,44805,9,22,1,4,FALSE
251681398,9/27/2022,15:24:00,3 PM,MANHATTAN,FALSE,40.809573,-73.949746,1,1,0,1,1,1,1,1,9/1/2022,44805,9,22,1,4,FALSE
251681399,9/27/2022,18:19:00,6 PM,QUEENS,FALSE,40.686807,-73.853567,1,1,0,1,1,1,1,1,9/1/2022,44805,9,22,1,4,FALSE
252672052,10/17/2022,4:10:00,4 AM,QUEENS,FALSE,40.695921,-73.820586,1,1,0,1,1,1,0,0,10/1/2022,44835,10,22,1,4,FALSE
253351476,10/30/2022,6:21:00,6 AM,BROOKLYN,TRUE,40.680147,-73.959819,1,0,1,1,1,1,1,0,10/1/2022,44835,10,22,1,4,FALSE
253386990,10/31/2022,17:16:00,5 PM,BROOKLYN,TRUE,40.598356,-73.940984,1,0,1,1,1,1,1,0,10/1/2022,44835,10,22,1,4,FALSE
254051613,11/12/2022,12:20:00,12 PM,BROOKLYN,FALSE,40.68376577,-73.98699469,1,1,0,1,1,1,1,1,11/1/2022,44866,11,22,1,4,FALSE
254062679,11/12/2022,22:18:00,10 PM,MANHATTAN,TRUE,40.749576,-74.004654,1,0,1,1,1,1,1,1,11/1/2022,44866,11,22,1,8,FALSE
254418307,11/19/2022,18:12:00,6 PM,STATEN ISLAND,FALSE,40.645056,-74.104773,1,1,0,1,1,1,1,1,11/1/2022,44866,11,22,1,4,FALSE
255797920,12/12/2022,12:25:00,12 PM,BRONX,FALSE,40.811507,-73.922606,1,1,0,1,1,1,1,1,12/1/2022,44896,12,22,1,4,FALSE
260637443,12/28/2022,18:36:00,6 PM,BRONX,FALSE,40.843004,-73.886251,1,1,0,1,1,1,0,0,12/1/2022,44896,12,22,1,4,FALSE
